%%MatrixMarket matrix coordinate pattern general
% Label: (0)
13107 13107 13107
1 1
2 6555
3 2
4 6556
5 3
6 6557
7 4
8 6558
9 5
10 6559
11 6
12 6560
13 7
14 6561
15 8
16 6562
17 9
18 6563
19 10
20 6564
21 11
22 6565
23 12
24 6566
25 13
26 6567
27 14
28 6568
29 15
30 6569
31 16
32 6570
33 17
34 6571
35 18
36 6572
37 19
38 6573
39 20
40 6574
41 21
42 6575
43 22
44 6576
45 23
46 6577
47 24
48 6578
49 25
50 6579
51 26
52 6580
53 27
54 6581
55 28
56 6582
57 29
58 6583
59 30
60 6584
61 31
62 6585
63 32
64 6586
65 33
66 6587
67 34
68 6588
69 35
70 6589
71 36
72 6590
73 37
74 6591
75 38
76 6592
77 39
78 6593
79 40
80 6594
81 41
82 6595
83 42
84 6596
85 43
86 6597
87 44
88 6598
89 45
90 6599
91 46
92 6600
93 47
94 6601
95 48
96 6602
97 49
98 6603
99 50
100 6604
101 51
102 6605
103 52
104 6606
105 53
106 6607
107 54
108 6608
109 55
110 6609
111 56
112 6610
113 57
114 6611
115 58
116 6612
117 59
118 6613
119 60
120 6614
121 61
122 6615
123 62
124 6616
125 63
126 6617
127 64
128 6618
129 65
130 6619
131 66
132 6620
133 67
134 6621
135 68
136 6622
137 69
138 6623
139 70
140 6624
141 71
142 6625
143 72
144 6626
145 73
146 6627
147 74
148 6628
149 75
150 6629
151 76
152 6630
153 77
154 6631
155 78
156 6632
157 79
158 6633
159 80
160 6634
161 81
162 6635
163 82
164 6636
165 83
166 6637
167 84
168 6638
169 85
170 6639
171 86
172 6640
173 87
174 6641
175 88
176 6642
177 89
178 6643
179 90
180 6644
181 91
182 6645
183 92
184 6646
185 93
186 6647
187 94
188 6648
189 95
190 6649
191 96
192 6650
193 97
194 6651
195 98
196 6652
197 99
198 6653
199 100
200 6654
201 101
202 6655
203 102
204 6656
205 103
206 6657
207 104
208 6658
209 105
210 6659
211 106
212 6660
213 107
214 6661
215 108
216 6662
217 109
218 6663
219 110
220 6664
221 111
222 6665
223 112
224 6666
225 113
226 6667
227 114
228 6668
229 115
230 6669
231 116
232 6670
233 117
234 6671
235 118
236 6672
237 119
238 6673
239 120
240 6674
241 121
242 6675
243 122
244 6676
245 123
246 6677
247 124
248 6678
249 125
250 6679
251 126
252 6680
253 127
254 6681
255 128
256 6682
257 129
258 6683
259 130
260 6684
261 131
262 6685
263 132
264 6686
265 133
266 6687
267 134
268 6688
269 135
270 6689
271 136
272 6690
273 137
274 6691
275 138
276 6692
277 139
278 6693
279 140
280 6694
281 141
282 6695
283 142
284 6696
285 143
286 6697
287 144
288 6698
289 145
290 6699
291 146
292 6700
293 147
294 6701
295 148
296 6702
297 149
298 6703
299 150
300 6704
301 151
302 6705
303 152
304 6706
305 153
306 6707
307 154
308 6708
309 155
310 6709
311 156
312 6710
313 157
314 6711
315 158
316 6712
317 159
318 6713
319 160
320 6714
321 161
322 6715
323 162
324 6716
325 163
326 6717
327 164
328 6718
329 165
330 6719
331 166
332 6720
333 167
334 6721
335 168
336 6722
337 169
338 6723
339 170
340 6724
341 171
342 6725
343 172
344 6726
345 173
346 6727
347 174
348 6728
349 175
350 6729
351 176
352 6730
353 177
354 6731
355 178
356 6732
357 179
358 6733
359 180
360 6734
361 181
362 6735
363 182
364 6736
365 183
366 6737
367 184
368 6738
369 185
370 6739
371 186
372 6740
373 187
374 6741
375 188
376 6742
377 189
378 6743
379 190
380 6744
381 191
382 6745
383 192
384 6746
385 193
386 6747
387 194
388 6748
389 195
390 6749
391 196
392 6750
393 197
394 6751
395 198
396 6752
397 199
398 6753
399 200
400 6754
401 201
402 6755
403 202
404 6756
405 203
406 6757
407 204
408 6758
409 205
410 6759
411 206
412 6760
413 207
414 6761
415 208
416 6762
417 209
418 6763
419 210
420 6764
421 211
422 6765
423 212
424 6766
425 213
426 6767
427 214
428 6768
429 215
430 6769
431 216
432 6770
433 217
434 6771
435 218
436 6772
437 219
438 6773
439 220
440 6774
441 221
442 6775
443 222
444 6776
445 223
446 6777
447 224
448 6778
449 225
450 6779
451 226
452 6780
453 227
454 6781
455 228
456 6782
457 229
458 6783
459 230
460 6784
461 231
462 6785
463 232
464 6786
465 233
466 6787
467 234
468 6788
469 235
470 6789
471 236
472 6790
473 237
474 6791
475 238
476 6792
477 239
478 6793
479 240
480 6794
481 241
482 6795
483 242
484 6796
485 243
486 6797
487 244
488 6798
489 245
490 6799
491 246
492 6800
493 247
494 6801
495 248
496 6802
497 249
498 6803
499 250
500 6804
501 251
502 6805
503 252
504 6806
505 253
506 6807
507 254
508 6808
509 255
510 6809
511 256
512 6810
513 257
514 6811
515 258
516 6812
517 259
518 6813
519 260
520 6814
521 261
522 6815
523 262
524 6816
525 263
526 6817
527 264
528 6818
529 265
530 6819
531 266
532 6820
533 267
534 6821
535 268
536 6822
537 269
538 6823
539 270
540 6824
541 271
542 6825
543 272
544 6826
545 273
546 6827
547 274
548 6828
549 275
550 6829
551 276
552 6830
553 277
554 6831
555 278
556 6832
557 279
558 6833
559 280
560 6834
561 281
562 6835
563 282
564 6836
565 283
566 6837
567 284
568 6838
569 285
570 6839
571 286
572 6840
573 287
574 6841
575 288
576 6842
577 289
578 6843
579 290
580 6844
581 291
582 6845
583 292
584 6846
585 293
586 6847
587 294
588 6848
589 295
590 6849
591 296
592 6850
593 297
594 6851
595 298
596 6852
597 299
598 6853
599 300
600 6854
601 301
602 6855
603 302
604 6856
605 303
606 6857
607 304
608 6858
609 305
610 6859
611 306
612 6860
613 307
614 6861
615 308
616 6862
617 309
618 6863
619 310
620 6864
621 311
622 6865
623 312
624 6866
625 313
626 6867
627 314
628 6868
629 315
630 6869
631 316
632 6870
633 317
634 6871
635 318
636 6872
637 319
638 6873
639 320
640 6874
641 321
642 6875
643 322
644 6876
645 323
646 6877
647 324
648 6878
649 325
650 6879
651 326
652 6880
653 327
654 6881
655 328
656 6882
657 329
658 6883
659 330
660 6884
661 331
662 6885
663 332
664 6886
665 333
666 6887
667 334
668 6888
669 335
670 6889
671 336
672 6890
673 337
674 6891
675 338
676 6892
677 339
678 6893
679 340
680 6894
681 341
682 6895
683 342
684 6896
685 343
686 6897
687 344
688 6898
689 345
690 6899
691 346
692 6900
693 347
694 6901
695 348
696 6902
697 349
698 6903
699 350
700 6904
701 351
702 6905
703 352
704 6906
705 353
706 6907
707 354
708 6908
709 355
710 6909
711 356
712 6910
713 357
714 6911
715 358
716 6912
717 359
718 6913
719 360
720 6914
721 361
722 6915
723 362
724 6916
725 363
726 6917
727 364
728 6918
729 365
730 6919
731 366
732 6920
733 367
734 6921
735 368
736 6922
737 369
738 6923
739 370
740 6924
741 371
742 6925
743 372
744 6926
745 373
746 6927
747 374
748 6928
749 375
750 6929
751 376
752 6930
753 377
754 6931
755 378
756 6932
757 379
758 6933
759 380
760 6934
761 381
762 6935
763 382
764 6936
765 383
766 6937
767 384
768 6938
769 385
770 6939
771 386
772 6940
773 387
774 6941
775 388
776 6942
777 389
778 6943
779 390
780 6944
781 391
782 6945
783 392
784 6946
785 393
786 6947
787 394
788 6948
789 395
790 6949
791 396
792 6950
793 397
794 6951
795 398
796 6952
797 399
798 6953
799 400
800 6954
801 401
802 6955
803 402
804 6956
805 403
806 6957
807 404
808 6958
809 405
810 6959
811 406
812 6960
813 407
814 6961
815 408
816 6962
817 409
818 6963
819 410
820 6964
821 411
822 6965
823 412
824 6966
825 413
826 6967
827 414
828 6968
829 415
830 6969
831 416
832 6970
833 417
834 6971
835 418
836 6972
837 419
838 6973
839 420
840 6974
841 421
842 6975
843 422
844 6976
845 423
846 6977
847 424
848 6978
849 425
850 6979
851 426
852 6980
853 427
854 6981
855 428
856 6982
857 429
858 6983
859 430
860 6984
861 431
862 6985
863 432
864 6986
865 433
866 6987
867 434
868 6988
869 435
870 6989
871 436
872 6990
873 437
874 6991
875 438
876 6992
877 439
878 6993
879 440
880 6994
881 441
882 6995
883 442
884 6996
885 443
886 6997
887 444
888 6998
889 445
890 6999
891 446
892 7000
893 447
894 7001
895 448
896 7002
897 449
898 7003
899 450
900 7004
901 451
902 7005
903 452
904 7006
905 453
906 7007
907 454
908 7008
909 455
910 7009
911 456
912 7010
913 457
914 7011
915 458
916 7012
917 459
918 7013
919 460
920 7014
921 461
922 7015
923 462
924 7016
925 463
926 7017
927 464
928 7018
929 465
930 7019
931 466
932 7020
933 467
934 7021
935 468
936 7022
937 469
938 7023
939 470
940 7024
941 471
942 7025
943 472
944 7026
945 473
946 7027
947 474
948 7028
949 475
950 7029
951 476
952 7030
953 477
954 7031
955 478
956 7032
957 479
958 7033
959 480
960 7034
961 481
962 7035
963 482
964 7036
965 483
966 7037
967 484
968 7038
969 485
970 7039
971 486
972 7040
973 487
974 7041
975 488
976 7042
977 489
978 7043
979 490
980 7044
981 491
982 7045
983 492
984 7046
985 493
986 7047
987 494
988 7048
989 495
990 7049
991 496
992 7050
993 497
994 7051
995 498
996 7052
997 499
998 7053
999 500
1000 7054
1001 501
1002 7055
1003 502
1004 7056
1005 503
1006 7057
1007 504
1008 7058
1009 505
1010 7059
1011 506
1012 7060
1013 507
1014 7061
1015 508
1016 7062
1017 509
1018 7063
1019 510
1020 7064
1021 511
1022 7065
1023 512
1024 7066
1025 513
1026 7067
1027 514
1028 7068
1029 515
1030 7069
1031 516
1032 7070
1033 517
1034 7071
1035 518
1036 7072
1037 519
1038 7073
1039 520
1040 7074
1041 521
1042 7075
1043 522
1044 7076
1045 523
1046 7077
1047 524
1048 7078
1049 525
1050 7079
1051 526
1052 7080
1053 527
1054 7081
1055 528
1056 7082
1057 529
1058 7083
1059 530
1060 7084
1061 531
1062 7085
1063 532
1064 7086
1065 533
1066 7087
1067 534
1068 7088
1069 535
1070 7089
1071 536
1072 7090
1073 537
1074 7091
1075 538
1076 7092
1077 539
1078 7093
1079 540
1080 7094
1081 541
1082 7095
1083 542
1084 7096
1085 543
1086 7097
1087 544
1088 7098
1089 545
1090 7099
1091 546
1092 7100
1093 547
1094 7101
1095 548
1096 7102
1097 549
1098 7103
1099 550
1100 7104
1101 551
1102 7105
1103 552
1104 7106
1105 553
1106 7107
1107 554
1108 7108
1109 555
1110 7109
1111 556
1112 7110
1113 557
1114 7111
1115 558
1116 7112
1117 559
1118 7113
1119 560
1120 7114
1121 561
1122 7115
1123 562
1124 7116
1125 563
1126 7117
1127 564
1128 7118
1129 565
1130 7119
1131 566
1132 7120
1133 567
1134 7121
1135 568
1136 7122
1137 569
1138 7123
1139 570
1140 7124
1141 571
1142 7125
1143 572
1144 7126
1145 573
1146 7127
1147 574
1148 7128
1149 575
1150 7129
1151 576
1152 7130
1153 577
1154 7131
1155 578
1156 7132
1157 579
1158 7133
1159 580
1160 7134
1161 581
1162 7135
1163 582
1164 7136
1165 583
1166 7137
1167 584
1168 7138
1169 585
1170 7139
1171 586
1172 7140
1173 587
1174 7141
1175 588
1176 7142
1177 589
1178 7143
1179 590
1180 7144
1181 591
1182 7145
1183 592
1184 7146
1185 593
1186 7147
1187 594
1188 7148
1189 595
1190 7149
1191 596
1192 7150
1193 597
1194 7151
1195 598
1196 7152
1197 599
1198 7153
1199 600
1200 7154
1201 601
1202 7155
1203 602
1204 7156
1205 603
1206 7157
1207 604
1208 7158
1209 605
1210 7159
1211 606
1212 7160
1213 607
1214 7161
1215 608
1216 7162
1217 609
1218 7163
1219 610
1220 7164
1221 611
1222 7165
1223 612
1224 7166
1225 613
1226 7167
1227 614
1228 7168
1229 615
1230 7169
1231 616
1232 7170
1233 617
1234 7171
1235 618
1236 7172
1237 619
1238 7173
1239 620
1240 7174
1241 621
1242 7175
1243 622
1244 7176
1245 623
1246 7177
1247 624
1248 7178
1249 625
1250 7179
1251 626
1252 7180
1253 627
1254 7181
1255 628
1256 7182
1257 629
1258 7183
1259 630
1260 7184
1261 631
1262 7185
1263 632
1264 7186
1265 633
1266 7187
1267 634
1268 7188
1269 635
1270 7189
1271 636
1272 7190
1273 637
1274 7191
1275 638
1276 7192
1277 639
1278 7193
1279 640
1280 7194
1281 641
1282 7195
1283 642
1284 7196
1285 643
1286 7197
1287 644
1288 7198
1289 645
1290 7199
1291 646
1292 7200
1293 647
1294 7201
1295 648
1296 7202
1297 649
1298 7203
1299 650
1300 7204
1301 651
1302 7205
1303 652
1304 7206
1305 653
1306 7207
1307 654
1308 7208
1309 655
1310 7209
1311 656
1312 7210
1313 657
1314 7211
1315 658
1316 7212
1317 659
1318 7213
1319 660
1320 7214
1321 661
1322 7215
1323 662
1324 7216
1325 663
1326 7217
1327 664
1328 7218
1329 665
1330 7219
1331 666
1332 7220
1333 667
1334 7221
1335 668
1336 7222
1337 669
1338 7223
1339 670
1340 7224
1341 671
1342 7225
1343 672
1344 7226
1345 673
1346 7227
1347 674
1348 7228
1349 675
1350 7229
1351 676
1352 7230
1353 677
1354 7231
1355 678
1356 7232
1357 679
1358 7233
1359 680
1360 7234
1361 681
1362 7235
1363 682
1364 7236
1365 683
1366 7237
1367 684
1368 7238
1369 685
1370 7239
1371 686
1372 7240
1373 687
1374 7241
1375 688
1376 7242
1377 689
1378 7243
1379 690
1380 7244
1381 691
1382 7245
1383 692
1384 7246
1385 693
1386 7247
1387 694
1388 7248
1389 695
1390 7249
1391 696
1392 7250
1393 697
1394 7251
1395 698
1396 7252
1397 699
1398 7253
1399 700
1400 7254
1401 701
1402 7255
1403 702
1404 7256
1405 703
1406 7257
1407 704
1408 7258
1409 705
1410 7259
1411 706
1412 7260
1413 707
1414 7261
1415 708
1416 7262
1417 709
1418 7263
1419 710
1420 7264
1421 711
1422 7265
1423 712
1424 7266
1425 713
1426 7267
1427 714
1428 7268
1429 715
1430 7269
1431 716
1432 7270
1433 717
1434 7271
1435 718
1436 7272
1437 719
1438 7273
1439 720
1440 7274
1441 721
1442 7275
1443 722
1444 7276
1445 723
1446 7277
1447 724
1448 7278
1449 725
1450 7279
1451 726
1452 7280
1453 727
1454 7281
1455 728
1456 7282
1457 729
1458 7283
1459 730
1460 7284
1461 731
1462 7285
1463 732
1464 7286
1465 733
1466 7287
1467 734
1468 7288
1469 735
1470 7289
1471 736
1472 7290
1473 737
1474 7291
1475 738
1476 7292
1477 739
1478 7293
1479 740
1480 7294
1481 741
1482 7295
1483 742
1484 7296
1485 743
1486 7297
1487 744
1488 7298
1489 745
1490 7299
1491 746
1492 7300
1493 747
1494 7301
1495 748
1496 7302
1497 749
1498 7303
1499 750
1500 7304
1501 751
1502 7305
1503 752
1504 7306
1505 753
1506 7307
1507 754
1508 7308
1509 755
1510 7309
1511 756
1512 7310
1513 757
1514 7311
1515 758
1516 7312
1517 759
1518 7313
1519 760
1520 7314
1521 761
1522 7315
1523 762
1524 7316
1525 763
1526 7317
1527 764
1528 7318
1529 765
1530 7319
1531 766
1532 7320
1533 767
1534 7321
1535 768
1536 7322
1537 769
1538 7323
1539 770
1540 7324
1541 771
1542 7325
1543 772
1544 7326
1545 773
1546 7327
1547 774
1548 7328
1549 775
1550 7329
1551 776
1552 7330
1553 777
1554 7331
1555 778
1556 7332
1557 779
1558 7333
1559 780
1560 7334
1561 781
1562 7335
1563 782
1564 7336
1565 783
1566 7337
1567 784
1568 7338
1569 785
1570 7339
1571 786
1572 7340
1573 787
1574 7341
1575 788
1576 7342
1577 789
1578 7343
1579 790
1580 7344
1581 791
1582 7345
1583 792
1584 7346
1585 793
1586 7347
1587 794
1588 7348
1589 795
1590 7349
1591 796
1592 7350
1593 797
1594 7351
1595 798
1596 7352
1597 799
1598 7353
1599 800
1600 7354
1601 801
1602 7355
1603 802
1604 7356
1605 803
1606 7357
1607 804
1608 7358
1609 805
1610 7359
1611 806
1612 7360
1613 807
1614 7361
1615 808
1616 7362
1617 809
1618 7363
1619 810
1620 7364
1621 811
1622 7365
1623 812
1624 7366
1625 813
1626 7367
1627 814
1628 7368
1629 815
1630 7369
1631 816
1632 7370
1633 817
1634 7371
1635 818
1636 7372
1637 819
1638 7373
1639 820
1640 7374
1641 821
1642 7375
1643 822
1644 7376
1645 823
1646 7377
1647 824
1648 7378
1649 825
1650 7379
1651 826
1652 7380
1653 827
1654 7381
1655 828
1656 7382
1657 829
1658 7383
1659 830
1660 7384
1661 831
1662 7385
1663 832
1664 7386
1665 833
1666 7387
1667 834
1668 7388
1669 835
1670 7389
1671 836
1672 7390
1673 837
1674 7391
1675 838
1676 7392
1677 839
1678 7393
1679 840
1680 7394
1681 841
1682 7395
1683 842
1684 7396
1685 843
1686 7397
1687 844
1688 7398
1689 845
1690 7399
1691 846
1692 7400
1693 847
1694 7401
1695 848
1696 7402
1697 849
1698 7403
1699 850
1700 7404
1701 851
1702 7405
1703 852
1704 7406
1705 853
1706 7407
1707 854
1708 7408
1709 855
1710 7409
1711 856
1712 7410
1713 857
1714 7411
1715 858
1716 7412
1717 859
1718 7413
1719 860
1720 7414
1721 861
1722 7415
1723 862
1724 7416
1725 863
1726 7417
1727 864
1728 7418
1729 865
1730 7419
1731 866
1732 7420
1733 867
1734 7421
1735 868
1736 7422
1737 869
1738 7423
1739 870
1740 7424
1741 871
1742 7425
1743 872
1744 7426
1745 873
1746 7427
1747 874
1748 7428
1749 875
1750 7429
1751 876
1752 7430
1753 877
1754 7431
1755 878
1756 7432
1757 879
1758 7433
1759 880
1760 7434
1761 881
1762 7435
1763 882
1764 7436
1765 883
1766 7437
1767 884
1768 7438
1769 885
1770 7439
1771 886
1772 7440
1773 887
1774 7441
1775 888
1776 7442
1777 889
1778 7443
1779 890
1780 7444
1781 891
1782 7445
1783 892
1784 7446
1785 893
1786 7447
1787 894
1788 7448
1789 895
1790 7449
1791 896
1792 7450
1793 897
1794 7451
1795 898
1796 7452
1797 899
1798 7453
1799 900
1800 7454
1801 901
1802 7455
1803 902
1804 7456
1805 903
1806 7457
1807 904
1808 7458
1809 905
1810 7459
1811 906
1812 7460
1813 907
1814 7461
1815 908
1816 7462
1817 909
1818 7463
1819 910
1820 7464
1821 911
1822 7465
1823 912
1824 7466
1825 913
1826 7467
1827 914
1828 7468
1829 915
1830 7469
1831 916
1832 7470
1833 917
1834 7471
1835 918
1836 7472
1837 919
1838 7473
1839 920
1840 7474
1841 921
1842 7475
1843 922
1844 7476
1845 923
1846 7477
1847 924
1848 7478
1849 925
1850 7479
1851 926
1852 7480
1853 927
1854 7481
1855 928
1856 7482
1857 929
1858 7483
1859 930
1860 7484
1861 931
1862 7485
1863 932
1864 7486
1865 933
1866 7487
1867 934
1868 7488
1869 935
1870 7489
1871 936
1872 7490
1873 937
1874 7491
1875 938
1876 7492
1877 939
1878 7493
1879 940
1880 7494
1881 941
1882 7495
1883 942
1884 7496
1885 943
1886 7497
1887 944
1888 7498
1889 945
1890 7499
1891 946
1892 7500
1893 947
1894 7501
1895 948
1896 7502
1897 949
1898 7503
1899 950
1900 7504
1901 951
1902 7505
1903 952
1904 7506
1905 953
1906 7507
1907 954
1908 7508
1909 955
1910 7509
1911 956
1912 7510
1913 957
1914 7511
1915 958
1916 7512
1917 959
1918 7513
1919 960
1920 7514
1921 961
1922 7515
1923 962
1924 7516
1925 963
1926 7517
1927 964
1928 7518
1929 965
1930 7519
1931 966
1932 7520
1933 967
1934 7521
1935 968
1936 7522
1937 969
1938 7523
1939 970
1940 7524
1941 971
1942 7525
1943 972
1944 7526
1945 973
1946 7527
1947 974
1948 7528
1949 975
1950 7529
1951 976
1952 7530
1953 977
1954 7531
1955 978
1956 7532
1957 979
1958 7533
1959 980
1960 7534
1961 981
1962 7535
1963 982
1964 7536
1965 983
1966 7537
1967 984
1968 7538
1969 985
1970 7539
1971 986
1972 7540
1973 987
1974 7541
1975 988
1976 7542
1977 989
1978 7543
1979 990
1980 7544
1981 991
1982 7545
1983 992
1984 7546
1985 993
1986 7547
1987 994
1988 7548
1989 995
1990 7549
1991 996
1992 7550
1993 997
1994 7551
1995 998
1996 7552
1997 999
1998 7553
1999 1000
2000 7554
2001 1001
2002 7555
2003 1002
2004 7556
2005 1003
2006 7557
2007 1004
2008 7558
2009 1005
2010 7559
2011 1006
2012 7560
2013 1007
2014 7561
2015 1008
2016 7562
2017 1009
2018 7563
2019 1010
2020 7564
2021 1011
2022 7565
2023 1012
2024 7566
2025 1013
2026 7567
2027 1014
2028 7568
2029 1015
2030 7569
2031 1016
2032 7570
2033 1017
2034 7571
2035 1018
2036 7572
2037 1019
2038 7573
2039 1020
2040 7574
2041 1021
2042 7575
2043 1022
2044 7576
2045 1023
2046 7577
2047 1024
2048 7578
2049 1025
2050 7579
2051 1026
2052 7580
2053 1027
2054 7581
2055 1028
2056 7582
2057 1029
2058 7583
2059 1030
2060 7584
2061 1031
2062 7585
2063 1032
2064 7586
2065 1033
2066 7587
2067 1034
2068 7588
2069 1035
2070 7589
2071 1036
2072 7590
2073 1037
2074 7591
2075 1038
2076 7592
2077 1039
2078 7593
2079 1040
2080 7594
2081 1041
2082 7595
2083 1042
2084 7596
2085 1043
2086 7597
2087 1044
2088 7598
2089 1045
2090 7599
2091 1046
2092 7600
2093 1047
2094 7601
2095 1048
2096 7602
2097 1049
2098 7603
2099 1050
2100 7604
2101 1051
2102 7605
2103 1052
2104 7606
2105 1053
2106 7607
2107 1054
2108 7608
2109 1055
2110 7609
2111 1056
2112 7610
2113 1057
2114 7611
2115 1058
2116 7612
2117 1059
2118 7613
2119 1060
2120 7614
2121 1061
2122 7615
2123 1062
2124 7616
2125 1063
2126 7617
2127 1064
2128 7618
2129 1065
2130 7619
2131 1066
2132 7620
2133 1067
2134 7621
2135 1068
2136 7622
2137 1069
2138 7623
2139 1070
2140 7624
2141 1071
2142 7625
2143 1072
2144 7626
2145 1073
2146 7627
2147 1074
2148 7628
2149 1075
2150 7629
2151 1076
2152 7630
2153 1077
2154 7631
2155 1078
2156 7632
2157 1079
2158 7633
2159 1080
2160 7634
2161 1081
2162 7635
2163 1082
2164 7636
2165 1083
2166 7637
2167 1084
2168 7638
2169 1085
2170 7639
2171 1086
2172 7640
2173 1087
2174 7641
2175 1088
2176 7642
2177 1089
2178 7643
2179 1090
2180 7644
2181 1091
2182 7645
2183 1092
2184 7646
2185 1093
2186 7647
2187 1094
2188 7648
2189 1095
2190 7649
2191 1096
2192 7650
2193 1097
2194 7651
2195 1098
2196 7652
2197 1099
2198 7653
2199 1100
2200 7654
2201 1101
2202 7655
2203 1102
2204 7656
2205 1103
2206 7657
2207 1104
2208 7658
2209 1105
2210 7659
2211 1106
2212 7660
2213 1107
2214 7661
2215 1108
2216 7662
2217 1109
2218 7663
2219 1110
2220 7664
2221 1111
2222 7665
2223 1112
2224 7666
2225 1113
2226 7667
2227 1114
2228 7668
2229 1115
2230 7669
2231 1116
2232 7670
2233 1117
2234 7671
2235 1118
2236 7672
2237 1119
2238 7673
2239 1120
2240 7674
2241 1121
2242 7675
2243 1122
2244 7676
2245 1123
2246 7677
2247 1124
2248 7678
2249 1125
2250 7679
2251 1126
2252 7680
2253 1127
2254 7681
2255 1128
2256 7682
2257 1129
2258 7683
2259 1130
2260 7684
2261 1131
2262 7685
2263 1132
2264 7686
2265 1133
2266 7687
2267 1134
2268 7688
2269 1135
2270 7689
2271 1136
2272 7690
2273 1137
2274 7691
2275 1138
2276 7692
2277 1139
2278 7693
2279 1140
2280 7694
2281 1141
2282 7695
2283 1142
2284 7696
2285 1143
2286 7697
2287 1144
2288 7698
2289 1145
2290 7699
2291 1146
2292 7700
2293 1147
2294 7701
2295 1148
2296 7702
2297 1149
2298 7703
2299 1150
2300 7704
2301 1151
2302 7705
2303 1152
2304 7706
2305 1153
2306 7707
2307 1154
2308 7708
2309 1155
2310 7709
2311 1156
2312 7710
2313 1157
2314 7711
2315 1158
2316 7712
2317 1159
2318 7713
2319 1160
2320 7714
2321 1161
2322 7715
2323 1162
2324 7716
2325 1163
2326 7717
2327 1164
2328 7718
2329 1165
2330 7719
2331 1166
2332 7720
2333 1167
2334 7721
2335 1168
2336 7722
2337 1169
2338 7723
2339 1170
2340 7724
2341 1171
2342 7725
2343 1172
2344 7726
2345 1173
2346 7727
2347 1174
2348 7728
2349 1175
2350 7729
2351 1176
2352 7730
2353 1177
2354 7731
2355 1178
2356 7732
2357 1179
2358 7733
2359 1180
2360 7734
2361 1181
2362 7735
2363 1182
2364 7736
2365 1183
2366 7737
2367 1184
2368 7738
2369 1185
2370 7739
2371 1186
2372 7740
2373 1187
2374 7741
2375 1188
2376 7742
2377 1189
2378 7743
2379 1190
2380 7744
2381 1191
2382 7745
2383 1192
2384 7746
2385 1193
2386 7747
2387 1194
2388 7748
2389 1195
2390 7749
2391 1196
2392 7750
2393 1197
2394 7751
2395 1198
2396 7752
2397 1199
2398 7753
2399 1200
2400 7754
2401 1201
2402 7755
2403 1202
2404 7756
2405 1203
2406 7757
2407 1204
2408 7758
2409 1205
2410 7759
2411 1206
2412 7760
2413 1207
2414 7761
2415 1208
2416 7762
2417 1209
2418 7763
2419 1210
2420 7764
2421 1211
2422 7765
2423 1212
2424 7766
2425 1213
2426 7767
2427 1214
2428 7768
2429 1215
2430 7769
2431 1216
2432 7770
2433 1217
2434 7771
2435 1218
2436 7772
2437 1219
2438 7773
2439 1220
2440 7774
2441 1221
2442 7775
2443 1222
2444 7776
2445 1223
2446 7777
2447 1224
2448 7778
2449 1225
2450 7779
2451 1226
2452 7780
2453 1227
2454 7781
2455 1228
2456 7782
2457 1229
2458 7783
2459 1230
2460 7784
2461 1231
2462 7785
2463 1232
2464 7786
2465 1233
2466 7787
2467 1234
2468 7788
2469 1235
2470 7789
2471 1236
2472 7790
2473 1237
2474 7791
2475 1238
2476 7792
2477 1239
2478 7793
2479 1240
2480 7794
2481 1241
2482 7795
2483 1242
2484 7796
2485 1243
2486 7797
2487 1244
2488 7798
2489 1245
2490 7799
2491 1246
2492 7800
2493 1247
2494 7801
2495 1248
2496 7802
2497 1249
2498 7803
2499 1250
2500 7804
2501 1251
2502 7805
2503 1252
2504 7806
2505 1253
2506 7807
2507 1254
2508 7808
2509 1255
2510 7809
2511 1256
2512 7810
2513 1257
2514 7811
2515 1258
2516 7812
2517 1259
2518 7813
2519 1260
2520 7814
2521 1261
2522 7815
2523 1262
2524 7816
2525 1263
2526 7817
2527 1264
2528 7818
2529 1265
2530 7819
2531 1266
2532 7820
2533 1267
2534 7821
2535 1268
2536 7822
2537 1269
2538 7823
2539 1270
2540 7824
2541 1271
2542 7825
2543 1272
2544 7826
2545 1273
2546 7827
2547 1274
2548 7828
2549 1275
2550 7829
2551 1276
2552 7830
2553 1277
2554 7831
2555 1278
2556 7832
2557 1279
2558 7833
2559 1280
2560 7834
2561 1281
2562 7835
2563 1282
2564 7836
2565 1283
2566 7837
2567 1284
2568 7838
2569 1285
2570 7839
2571 1286
2572 7840
2573 1287
2574 7841
2575 1288
2576 7842
2577 1289
2578 7843
2579 1290
2580 7844
2581 1291
2582 7845
2583 1292
2584 7846
2585 1293
2586 7847
2587 1294
2588 7848
2589 1295
2590 7849
2591 1296
2592 7850
2593 1297
2594 7851
2595 1298
2596 7852
2597 1299
2598 7853
2599 1300
2600 7854
2601 1301
2602 7855
2603 1302
2604 7856
2605 1303
2606 7857
2607 1304
2608 7858
2609 1305
2610 7859
2611 1306
2612 7860
2613 1307
2614 7861
2615 1308
2616 7862
2617 1309
2618 7863
2619 1310
2620 7864
2621 1311
2622 7865
2623 1312
2624 7866
2625 1313
2626 7867
2627 1314
2628 7868
2629 1315
2630 7869
2631 1316
2632 7870
2633 1317
2634 7871
2635 1318
2636 7872
2637 1319
2638 7873
2639 1320
2640 7874
2641 1321
2642 7875
2643 1322
2644 7876
2645 1323
2646 7877
2647 1324
2648 7878
2649 1325
2650 7879
2651 1326
2652 7880
2653 1327
2654 7881
2655 1328
2656 7882
2657 1329
2658 7883
2659 1330
2660 7884
2661 1331
2662 7885
2663 1332
2664 7886
2665 1333
2666 7887
2667 1334
2668 7888
2669 1335
2670 7889
2671 1336
2672 7890
2673 1337
2674 7891
2675 1338
2676 7892
2677 1339
2678 7893
2679 1340
2680 7894
2681 1341
2682 7895
2683 1342
2684 7896
2685 1343
2686 7897
2687 1344
2688 7898
2689 1345
2690 7899
2691 1346
2692 7900
2693 1347
2694 7901
2695 1348
2696 7902
2697 1349
2698 7903
2699 1350
2700 7904
2701 1351
2702 7905
2703 1352
2704 7906
2705 1353
2706 7907
2707 1354
2708 7908
2709 1355
2710 7909
2711 1356
2712 7910
2713 1357
2714 7911
2715 1358
2716 7912
2717 1359
2718 7913
2719 1360
2720 7914
2721 1361
2722 7915
2723 1362
2724 7916
2725 1363
2726 7917
2727 1364
2728 7918
2729 1365
2730 7919
2731 1366
2732 7920
2733 1367
2734 7921
2735 1368
2736 7922
2737 1369
2738 7923
2739 1370
2740 7924
2741 1371
2742 7925
2743 1372
2744 7926
2745 1373
2746 7927
2747 1374
2748 7928
2749 1375
2750 7929
2751 1376
2752 7930
2753 1377
2754 7931
2755 1378
2756 7932
2757 1379
2758 7933
2759 1380
2760 7934
2761 1381
2762 7935
2763 1382
2764 7936
2765 1383
2766 7937
2767 1384
2768 7938
2769 1385
2770 7939
2771 1386
2772 7940
2773 1387
2774 7941
2775 1388
2776 7942
2777 1389
2778 7943
2779 1390
2780 7944
2781 1391
2782 7945
2783 1392
2784 7946
2785 1393
2786 7947
2787 1394
2788 7948
2789 1395
2790 7949
2791 1396
2792 7950
2793 1397
2794 7951
2795 1398
2796 7952
2797 1399
2798 7953
2799 1400
2800 7954
2801 1401
2802 7955
2803 1402
2804 7956
2805 1403
2806 7957
2807 1404
2808 7958
2809 1405
2810 7959
2811 1406
2812 7960
2813 1407
2814 7961
2815 1408
2816 7962
2817 1409
2818 7963
2819 1410
2820 7964
2821 1411
2822 7965
2823 1412
2824 7966
2825 1413
2826 7967
2827 1414
2828 7968
2829 1415
2830 7969
2831 1416
2832 7970
2833 1417
2834 7971
2835 1418
2836 7972
2837 1419
2838 7973
2839 1420
2840 7974
2841 1421
2842 7975
2843 1422
2844 7976
2845 1423
2846 7977
2847 1424
2848 7978
2849 1425
2850 7979
2851 1426
2852 7980
2853 1427
2854 7981
2855 1428
2856 7982
2857 1429
2858 7983
2859 1430
2860 7984
2861 1431
2862 7985
2863 1432
2864 7986
2865 1433
2866 7987
2867 1434
2868 7988
2869 1435
2870 7989
2871 1436
2872 7990
2873 1437
2874 7991
2875 1438
2876 7992
2877 1439
2878 7993
2879 1440
2880 7994
2881 1441
2882 7995
2883 1442
2884 7996
2885 1443
2886 7997
2887 1444
2888 7998
2889 1445
2890 7999
2891 1446
2892 8000
2893 1447
2894 8001
2895 1448
2896 8002
2897 1449
2898 8003
2899 1450
2900 8004
2901 1451
2902 8005
2903 1452
2904 8006
2905 1453
2906 8007
2907 1454
2908 8008
2909 1455
2910 8009
2911 1456
2912 8010
2913 1457
2914 8011
2915 1458
2916 8012
2917 1459
2918 8013
2919 1460
2920 8014
2921 1461
2922 8015
2923 1462
2924 8016
2925 1463
2926 8017
2927 1464
2928 8018
2929 1465
2930 8019
2931 1466
2932 8020
2933 1467
2934 8021
2935 1468
2936 8022
2937 1469
2938 8023
2939 1470
2940 8024
2941 1471
2942 8025
2943 1472
2944 8026
2945 1473
2946 8027
2947 1474
2948 8028
2949 1475
2950 8029
2951 1476
2952 8030
2953 1477
2954 8031
2955 1478
2956 8032
2957 1479
2958 8033
2959 1480
2960 8034
2961 1481
2962 8035
2963 1482
2964 8036
2965 1483
2966 8037
2967 1484
2968 8038
2969 1485
2970 8039
2971 1486
2972 8040
2973 1487
2974 8041
2975 1488
2976 8042
2977 1489
2978 8043
2979 1490
2980 8044
2981 1491
2982 8045
2983 1492
2984 8046
2985 1493
2986 8047
2987 1494
2988 8048
2989 1495
2990 8049
2991 1496
2992 8050
2993 1497
2994 8051
2995 1498
2996 8052
2997 1499
2998 8053
2999 1500
3000 8054
3001 1501
3002 8055
3003 1502
3004 8056
3005 1503
3006 8057
3007 1504
3008 8058
3009 1505
3010 8059
3011 1506
3012 8060
3013 1507
3014 8061
3015 1508
3016 8062
3017 1509
3018 8063
3019 1510
3020 8064
3021 1511
3022 8065
3023 1512
3024 8066
3025 1513
3026 8067
3027 1514
3028 8068
3029 1515
3030 8069
3031 1516
3032 8070
3033 1517
3034 8071
3035 1518
3036 8072
3037 1519
3038 8073
3039 1520
3040 8074
3041 1521
3042 8075
3043 1522
3044 8076
3045 1523
3046 8077
3047 1524
3048 8078
3049 1525
3050 8079
3051 1526
3052 8080
3053 1527
3054 8081
3055 1528
3056 8082
3057 1529
3058 8083
3059 1530
3060 8084
3061 1531
3062 8085
3063 1532
3064 8086
3065 1533
3066 8087
3067 1534
3068 8088
3069 1535
3070 8089
3071 1536
3072 8090
3073 1537
3074 8091
3075 1538
3076 8092
3077 1539
3078 8093
3079 1540
3080 8094
3081 1541
3082 8095
3083 1542
3084 8096
3085 1543
3086 8097
3087 1544
3088 8098
3089 1545
3090 8099
3091 1546
3092 8100
3093 1547
3094 8101
3095 1548
3096 8102
3097 1549
3098 8103
3099 1550
3100 8104
3101 1551
3102 8105
3103 1552
3104 8106
3105 1553
3106 8107
3107 1554
3108 8108
3109 1555
3110 8109
3111 1556
3112 8110
3113 1557
3114 8111
3115 1558
3116 8112
3117 1559
3118 8113
3119 1560
3120 8114
3121 1561
3122 8115
3123 1562
3124 8116
3125 1563
3126 8117
3127 1564
3128 8118
3129 1565
3130 8119
3131 1566
3132 8120
3133 1567
3134 8121
3135 1568
3136 8122
3137 1569
3138 8123
3139 1570
3140 8124
3141 1571
3142 8125
3143 1572
3144 8126
3145 1573
3146 8127
3147 1574
3148 8128
3149 1575
3150 8129
3151 1576
3152 8130
3153 1577
3154 8131
3155 1578
3156 8132
3157 1579
3158 8133
3159 1580
3160 8134
3161 1581
3162 8135
3163 1582
3164 8136
3165 1583
3166 8137
3167 1584
3168 8138
3169 1585
3170 8139
3171 1586
3172 8140
3173 1587
3174 8141
3175 1588
3176 8142
3177 1589
3178 8143
3179 1590
3180 8144
3181 1591
3182 8145
3183 1592
3184 8146
3185 1593
3186 8147
3187 1594
3188 8148
3189 1595
3190 8149
3191 1596
3192 8150
3193 1597
3194 8151
3195 1598
3196 8152
3197 1599
3198 8153
3199 1600
3200 8154
3201 1601
3202 8155
3203 1602
3204 8156
3205 1603
3206 8157
3207 1604
3208 8158
3209 1605
3210 8159
3211 1606
3212 8160
3213 1607
3214 8161
3215 1608
3216 8162
3217 1609
3218 8163
3219 1610
3220 8164
3221 1611
3222 8165
3223 1612
3224 8166
3225 1613
3226 8167
3227 1614
3228 8168
3229 1615
3230 8169
3231 1616
3232 8170
3233 1617
3234 8171
3235 1618
3236 8172
3237 1619
3238 8173
3239 1620
3240 8174
3241 1621
3242 8175
3243 1622
3244 8176
3245 1623
3246 8177
3247 1624
3248 8178
3249 1625
3250 8179
3251 1626
3252 8180
3253 1627
3254 8181
3255 1628
3256 8182
3257 1629
3258 8183
3259 1630
3260 8184
3261 1631
3262 8185
3263 1632
3264 8186
3265 1633
3266 8187
3267 1634
3268 8188
3269 1635
3270 8189
3271 1636
3272 8190
3273 1637
3274 8191
3275 1638
3276 8192
3277 1639
3278 8193
3279 1640
3280 8194
3281 1641
3282 8195
3283 1642
3284 8196
3285 1643
3286 8197
3287 1644
3288 8198
3289 1645
3290 8199
3291 1646
3292 8200
3293 1647
3294 8201
3295 1648
3296 8202
3297 1649
3298 8203
3299 1650
3300 8204
3301 1651
3302 8205
3303 1652
3304 8206
3305 1653
3306 8207
3307 1654
3308 8208
3309 1655
3310 8209
3311 1656
3312 8210
3313 1657
3314 8211
3315 1658
3316 8212
3317 1659
3318 8213
3319 1660
3320 8214
3321 1661
3322 8215
3323 1662
3324 8216
3325 1663
3326 8217
3327 1664
3328 8218
3329 1665
3330 8219
3331 1666
3332 8220
3333 1667
3334 8221
3335 1668
3336 8222
3337 1669
3338 8223
3339 1670
3340 8224
3341 1671
3342 8225
3343 1672
3344 8226
3345 1673
3346 8227
3347 1674
3348 8228
3349 1675
3350 8229
3351 1676
3352 8230
3353 1677
3354 8231
3355 1678
3356 8232
3357 1679
3358 8233
3359 1680
3360 8234
3361 1681
3362 8235
3363 1682
3364 8236
3365 1683
3366 8237
3367 1684
3368 8238
3369 1685
3370 8239
3371 1686
3372 8240
3373 1687
3374 8241
3375 1688
3376 8242
3377 1689
3378 8243
3379 1690
3380 8244
3381 1691
3382 8245
3383 1692
3384 8246
3385 1693
3386 8247
3387 1694
3388 8248
3389 1695
3390 8249
3391 1696
3392 8250
3393 1697
3394 8251
3395 1698
3396 8252
3397 1699
3398 8253
3399 1700
3400 8254
3401 1701
3402 8255
3403 1702
3404 8256
3405 1703
3406 8257
3407 1704
3408 8258
3409 1705
3410 8259
3411 1706
3412 8260
3413 1707
3414 8261
3415 1708
3416 8262
3417 1709
3418 8263
3419 1710
3420 8264
3421 1711
3422 8265
3423 1712
3424 8266
3425 1713
3426 8267
3427 1714
3428 8268
3429 1715
3430 8269
3431 1716
3432 8270
3433 1717
3434 8271
3435 1718
3436 8272
3437 1719
3438 8273
3439 1720
3440 8274
3441 1721
3442 8275
3443 1722
3444 8276
3445 1723
3446 8277
3447 1724
3448 8278
3449 1725
3450 8279
3451 1726
3452 8280
3453 1727
3454 8281
3455 1728
3456 8282
3457 1729
3458 8283
3459 1730
3460 8284
3461 1731
3462 8285
3463 1732
3464 8286
3465 1733
3466 8287
3467 1734
3468 8288
3469 1735
3470 8289
3471 1736
3472 8290
3473 1737
3474 8291
3475 1738
3476 8292
3477 1739
3478 8293
3479 1740
3480 8294
3481 1741
3482 8295
3483 1742
3484 8296
3485 1743
3486 8297
3487 1744
3488 8298
3489 1745
3490 8299
3491 1746
3492 8300
3493 1747
3494 8301
3495 1748
3496 8302
3497 1749
3498 8303
3499 1750
3500 8304
3501 1751
3502 8305
3503 1752
3504 8306
3505 1753
3506 8307
3507 1754
3508 8308
3509 1755
3510 8309
3511 1756
3512 8310
3513 1757
3514 8311
3515 1758
3516 8312
3517 1759
3518 8313
3519 1760
3520 8314
3521 1761
3522 8315
3523 1762
3524 8316
3525 1763
3526 8317
3527 1764
3528 8318
3529 1765
3530 8319
3531 1766
3532 8320
3533 1767
3534 8321
3535 1768
3536 8322
3537 1769
3538 8323
3539 1770
3540 8324
3541 1771
3542 8325
3543 1772
3544 8326
3545 1773
3546 8327
3547 1774
3548 8328
3549 1775
3550 8329
3551 1776
3552 8330
3553 1777
3554 8331
3555 1778
3556 8332
3557 1779
3558 8333
3559 1780
3560 8334
3561 1781
3562 8335
3563 1782
3564 8336
3565 1783
3566 8337
3567 1784
3568 8338
3569 1785
3570 8339
3571 1786
3572 8340
3573 1787
3574 8341
3575 1788
3576 8342
3577 1789
3578 8343
3579 1790
3580 8344
3581 1791
3582 8345
3583 1792
3584 8346
3585 1793
3586 8347
3587 1794
3588 8348
3589 1795
3590 8349
3591 1796
3592 8350
3593 1797
3594 8351
3595 1798
3596 8352
3597 1799
3598 8353
3599 1800
3600 8354
3601 1801
3602 8355
3603 1802
3604 8356
3605 1803
3606 8357
3607 1804
3608 8358
3609 1805
3610 8359
3611 1806
3612 8360
3613 1807
3614 8361
3615 1808
3616 8362
3617 1809
3618 8363
3619 1810
3620 8364
3621 1811
3622 8365
3623 1812
3624 8366
3625 1813
3626 8367
3627 1814
3628 8368
3629 1815
3630 8369
3631 1816
3632 8370
3633 1817
3634 8371
3635 1818
3636 8372
3637 1819
3638 8373
3639 1820
3640 8374
3641 1821
3642 8375
3643 1822
3644 8376
3645 1823
3646 8377
3647 1824
3648 8378
3649 1825
3650 8379
3651 1826
3652 8380
3653 1827
3654 8381
3655 1828
3656 8382
3657 1829
3658 8383
3659 1830
3660 8384
3661 1831
3662 8385
3663 1832
3664 8386
3665 1833
3666 8387
3667 1834
3668 8388
3669 1835
3670 8389
3671 1836
3672 8390
3673 1837
3674 8391
3675 1838
3676 8392
3677 1839
3678 8393
3679 1840
3680 8394
3681 1841
3682 8395
3683 1842
3684 8396
3685 1843
3686 8397
3687 1844
3688 8398
3689 1845
3690 8399
3691 1846
3692 8400
3693 1847
3694 8401
3695 1848
3696 8402
3697 1849
3698 8403
3699 1850
3700 8404
3701 1851
3702 8405
3703 1852
3704 8406
3705 1853
3706 8407
3707 1854
3708 8408
3709 1855
3710 8409
3711 1856
3712 8410
3713 1857
3714 8411
3715 1858
3716 8412
3717 1859
3718 8413
3719 1860
3720 8414
3721 1861
3722 8415
3723 1862
3724 8416
3725 1863
3726 8417
3727 1864
3728 8418
3729 1865
3730 8419
3731 1866
3732 8420
3733 1867
3734 8421
3735 1868
3736 8422
3737 1869
3738 8423
3739 1870
3740 8424
3741 1871
3742 8425
3743 1872
3744 8426
3745 1873
3746 8427
3747 1874
3748 8428
3749 1875
3750 8429
3751 1876
3752 8430
3753 1877
3754 8431
3755 1878
3756 8432
3757 1879
3758 8433
3759 1880
3760 8434
3761 1881
3762 8435
3763 1882
3764 8436
3765 1883
3766 8437
3767 1884
3768 8438
3769 1885
3770 8439
3771 1886
3772 8440
3773 1887
3774 8441
3775 1888
3776 8442
3777 1889
3778 8443
3779 1890
3780 8444
3781 1891
3782 8445
3783 1892
3784 8446
3785 1893
3786 8447
3787 1894
3788 8448
3789 1895
3790 8449
3791 1896
3792 8450
3793 1897
3794 8451
3795 1898
3796 8452
3797 1899
3798 8453
3799 1900
3800 8454
3801 1901
3802 8455
3803 1902
3804 8456
3805 1903
3806 8457
3807 1904
3808 8458
3809 1905
3810 8459
3811 1906
3812 8460
3813 1907
3814 8461
3815 1908
3816 8462
3817 1909
3818 8463
3819 1910
3820 8464
3821 1911
3822 8465
3823 1912
3824 8466
3825 1913
3826 8467
3827 1914
3828 8468
3829 1915
3830 8469
3831 1916
3832 8470
3833 1917
3834 8471
3835 1918
3836 8472
3837 1919
3838 8473
3839 1920
3840 8474
3841 1921
3842 8475
3843 1922
3844 8476
3845 1923
3846 8477
3847 1924
3848 8478
3849 1925
3850 8479
3851 1926
3852 8480
3853 1927
3854 8481
3855 1928
3856 8482
3857 1929
3858 8483
3859 1930
3860 8484
3861 1931
3862 8485
3863 1932
3864 8486
3865 1933
3866 8487
3867 1934
3868 8488
3869 1935
3870 8489
3871 1936
3872 8490
3873 1937
3874 8491
3875 1938
3876 8492
3877 1939
3878 8493
3879 1940
3880 8494
3881 1941
3882 8495
3883 1942
3884 8496
3885 1943
3886 8497
3887 1944
3888 8498
3889 1945
3890 8499
3891 1946
3892 8500
3893 1947
3894 8501
3895 1948
3896 8502
3897 1949
3898 8503
3899 1950
3900 8504
3901 1951
3902 8505
3903 1952
3904 8506
3905 1953
3906 8507
3907 1954
3908 8508
3909 1955
3910 8509
3911 1956
3912 8510
3913 1957
3914 8511
3915 1958
3916 8512
3917 1959
3918 8513
3919 1960
3920 8514
3921 1961
3922 8515
3923 1962
3924 8516
3925 1963
3926 8517
3927 1964
3928 8518
3929 1965
3930 8519
3931 1966
3932 8520
3933 1967
3934 8521
3935 1968
3936 8522
3937 1969
3938 8523
3939 1970
3940 8524
3941 1971
3942 8525
3943 1972
3944 8526
3945 1973
3946 8527
3947 1974
3948 8528
3949 1975
3950 8529
3951 1976
3952 8530
3953 1977
3954 8531
3955 1978
3956 8532
3957 1979
3958 8533
3959 1980
3960 8534
3961 1981
3962 8535
3963 1982
3964 8536
3965 1983
3966 8537
3967 1984
3968 8538
3969 1985
3970 8539
3971 1986
3972 8540
3973 1987
3974 8541
3975 1988
3976 8542
3977 1989
3978 8543
3979 1990
3980 8544
3981 1991
3982 8545
3983 1992
3984 8546
3985 1993
3986 8547
3987 1994
3988 8548
3989 1995
3990 8549
3991 1996
3992 8550
3993 1997
3994 8551
3995 1998
3996 8552
3997 1999
3998 8553
3999 2000
4000 8554
4001 2001
4002 8555
4003 2002
4004 8556
4005 2003
4006 8557
4007 2004
4008 8558
4009 2005
4010 8559
4011 2006
4012 8560
4013 2007
4014 8561
4015 2008
4016 8562
4017 2009
4018 8563
4019 2010
4020 8564
4021 2011
4022 8565
4023 2012
4024 8566
4025 2013
4026 8567
4027 2014
4028 8568
4029 2015
4030 8569
4031 2016
4032 8570
4033 2017
4034 8571
4035 2018
4036 8572
4037 2019
4038 8573
4039 2020
4040 8574
4041 2021
4042 8575
4043 2022
4044 8576
4045 2023
4046 8577
4047 2024
4048 8578
4049 2025
4050 8579
4051 2026
4052 8580
4053 2027
4054 8581
4055 2028
4056 8582
4057 2029
4058 8583
4059 2030
4060 8584
4061 2031
4062 8585
4063 2032
4064 8586
4065 2033
4066 8587
4067 2034
4068 8588
4069 2035
4070 8589
4071 2036
4072 8590
4073 2037
4074 8591
4075 2038
4076 8592
4077 2039
4078 8593
4079 2040
4080 8594
4081 2041
4082 8595
4083 2042
4084 8596
4085 2043
4086 8597
4087 2044
4088 8598
4089 2045
4090 8599
4091 2046
4092 8600
4093 2047
4094 8601
4095 2048
4096 8602
4097 2049
4098 8603
4099 2050
4100 8604
4101 2051
4102 8605
4103 2052
4104 8606
4105 2053
4106 8607
4107 2054
4108 8608
4109 2055
4110 8609
4111 2056
4112 8610
4113 2057
4114 8611
4115 2058
4116 8612
4117 2059
4118 8613
4119 2060
4120 8614
4121 2061
4122 8615
4123 2062
4124 8616
4125 2063
4126 8617
4127 2064
4128 8618
4129 2065
4130 8619
4131 2066
4132 8620
4133 2067
4134 8621
4135 2068
4136 8622
4137 2069
4138 8623
4139 2070
4140 8624
4141 2071
4142 8625
4143 2072
4144 8626
4145 2073
4146 8627
4147 2074
4148 8628
4149 2075
4150 8629
4151 2076
4152 8630
4153 2077
4154 8631
4155 2078
4156 8632
4157 2079
4158 8633
4159 2080
4160 8634
4161 2081
4162 8635
4163 2082
4164 8636
4165 2083
4166 8637
4167 2084
4168 8638
4169 2085
4170 8639
4171 2086
4172 8640
4173 2087
4174 8641
4175 2088
4176 8642
4177 2089
4178 8643
4179 2090
4180 8644
4181 2091
4182 8645
4183 2092
4184 8646
4185 2093
4186 8647
4187 2094
4188 8648
4189 2095
4190 8649
4191 2096
4192 8650
4193 2097
4194 8651
4195 2098
4196 8652
4197 2099
4198 8653
4199 2100
4200 8654
4201 2101
4202 8655
4203 2102
4204 8656
4205 2103
4206 8657
4207 2104
4208 8658
4209 2105
4210 8659
4211 2106
4212 8660
4213 2107
4214 8661
4215 2108
4216 8662
4217 2109
4218 8663
4219 2110
4220 8664
4221 2111
4222 8665
4223 2112
4224 8666
4225 2113
4226 8667
4227 2114
4228 8668
4229 2115
4230 8669
4231 2116
4232 8670
4233 2117
4234 8671
4235 2118
4236 8672
4237 2119
4238 8673
4239 2120
4240 8674
4241 2121
4242 8675
4243 2122
4244 8676
4245 2123
4246 8677
4247 2124
4248 8678
4249 2125
4250 8679
4251 2126
4252 8680
4253 2127
4254 8681
4255 2128
4256 8682
4257 2129
4258 8683
4259 2130
4260 8684
4261 2131
4262 8685
4263 2132
4264 8686
4265 2133
4266 8687
4267 2134
4268 8688
4269 2135
4270 8689
4271 2136
4272 8690
4273 2137
4274 8691
4275 2138
4276 8692
4277 2139
4278 8693
4279 2140
4280 8694
4281 2141
4282 8695
4283 2142
4284 8696
4285 2143
4286 8697
4287 2144
4288 8698
4289 2145
4290 8699
4291 2146
4292 8700
4293 2147
4294 8701
4295 2148
4296 8702
4297 2149
4298 8703
4299 2150
4300 8704
4301 2151
4302 8705
4303 2152
4304 8706
4305 2153
4306 8707
4307 2154
4308 8708
4309 2155
4310 8709
4311 2156
4312 8710
4313 2157
4314 8711
4315 2158
4316 8712
4317 2159
4318 8713
4319 2160
4320 8714
4321 2161
4322 8715
4323 2162
4324 8716
4325 2163
4326 8717
4327 2164
4328 8718
4329 2165
4330 8719
4331 2166
4332 8720
4333 2167
4334 8721
4335 2168
4336 8722
4337 2169
4338 8723
4339 2170
4340 8724
4341 2171
4342 8725
4343 2172
4344 8726
4345 2173
4346 8727
4347 2174
4348 8728
4349 2175
4350 8729
4351 2176
4352 8730
4353 2177
4354 8731
4355 2178
4356 8732
4357 2179
4358 8733
4359 2180
4360 8734
4361 2181
4362 8735
4363 2182
4364 8736
4365 2183
4366 8737
4367 2184
4368 8738
4369 2185
4370 8739
4371 2186
4372 8740
4373 2187
4374 8741
4375 2188
4376 8742
4377 2189
4378 8743
4379 2190
4380 8744
4381 2191
4382 8745
4383 2192
4384 8746
4385 2193
4386 8747
4387 2194
4388 8748
4389 2195
4390 8749
4391 2196
4392 8750
4393 2197
4394 8751
4395 2198
4396 8752
4397 2199
4398 8753
4399 2200
4400 8754
4401 2201
4402 8755
4403 2202
4404 8756
4405 2203
4406 8757
4407 2204
4408 8758
4409 2205
4410 8759
4411 2206
4412 8760
4413 2207
4414 8761
4415 2208
4416 8762
4417 2209
4418 8763
4419 2210
4420 8764
4421 2211
4422 8765
4423 2212
4424 8766
4425 2213
4426 8767
4427 2214
4428 8768
4429 2215
4430 8769
4431 2216
4432 8770
4433 2217
4434 8771
4435 2218
4436 8772
4437 2219
4438 8773
4439 2220
4440 8774
4441 2221
4442 8775
4443 2222
4444 8776
4445 2223
4446 8777
4447 2224
4448 8778
4449 2225
4450 8779
4451 2226
4452 8780
4453 2227
4454 8781
4455 2228
4456 8782
4457 2229
4458 8783
4459 2230
4460 8784
4461 2231
4462 8785
4463 2232
4464 8786
4465 2233
4466 8787
4467 2234
4468 8788
4469 2235
4470 8789
4471 2236
4472 8790
4473 2237
4474 8791
4475 2238
4476 8792
4477 2239
4478 8793
4479 2240
4480 8794
4481 2241
4482 8795
4483 2242
4484 8796
4485 2243
4486 8797
4487 2244
4488 8798
4489 2245
4490 8799
4491 2246
4492 8800
4493 2247
4494 8801
4495 2248
4496 8802
4497 2249
4498 8803
4499 2250
4500 8804
4501 2251
4502 8805
4503 2252
4504 8806
4505 2253
4506 8807
4507 2254
4508 8808
4509 2255
4510 8809
4511 2256
4512 8810
4513 2257
4514 8811
4515 2258
4516 8812
4517 2259
4518 8813
4519 2260
4520 8814
4521 2261
4522 8815
4523 2262
4524 8816
4525 2263
4526 8817
4527 2264
4528 8818
4529 2265
4530 8819
4531 2266
4532 8820
4533 2267
4534 8821
4535 2268
4536 8822
4537 2269
4538 8823
4539 2270
4540 8824
4541 2271
4542 8825
4543 2272
4544 8826
4545 2273
4546 8827
4547 2274
4548 8828
4549 2275
4550 8829
4551 2276
4552 8830
4553 2277
4554 8831
4555 2278
4556 8832
4557 2279
4558 8833
4559 2280
4560 8834
4561 2281
4562 8835
4563 2282
4564 8836
4565 2283
4566 8837
4567 2284
4568 8838
4569 2285
4570 8839
4571 2286
4572 8840
4573 2287
4574 8841
4575 2288
4576 8842
4577 2289
4578 8843
4579 2290
4580 8844
4581 2291
4582 8845
4583 2292
4584 8846
4585 2293
4586 8847
4587 2294
4588 8848
4589 2295
4590 8849
4591 2296
4592 8850
4593 2297
4594 8851
4595 2298
4596 8852
4597 2299
4598 8853
4599 2300
4600 8854
4601 2301
4602 8855
4603 2302
4604 8856
4605 2303
4606 8857
4607 2304
4608 8858
4609 2305
4610 8859
4611 2306
4612 8860
4613 2307
4614 8861
4615 2308
4616 8862
4617 2309
4618 8863
4619 2310
4620 8864
4621 2311
4622 8865
4623 2312
4624 8866
4625 2313
4626 8867
4627 2314
4628 8868
4629 2315
4630 8869
4631 2316
4632 8870
4633 2317
4634 8871
4635 2318
4636 8872
4637 2319
4638 8873
4639 2320
4640 8874
4641 2321
4642 8875
4643 2322
4644 8876
4645 2323
4646 8877
4647 2324
4648 8878
4649 2325
4650 8879
4651 2326
4652 8880
4653 2327
4654 8881
4655 2328
4656 8882
4657 2329
4658 8883
4659 2330
4660 8884
4661 2331
4662 8885
4663 2332
4664 8886
4665 2333
4666 8887
4667 2334
4668 8888
4669 2335
4670 8889
4671 2336
4672 8890
4673 2337
4674 8891
4675 2338
4676 8892
4677 2339
4678 8893
4679 2340
4680 8894
4681 2341
4682 8895
4683 2342
4684 8896
4685 2343
4686 8897
4687 2344
4688 8898
4689 2345
4690 8899
4691 2346
4692 8900
4693 2347
4694 8901
4695 2348
4696 8902
4697 2349
4698 8903
4699 2350
4700 8904
4701 2351
4702 8905
4703 2352
4704 8906
4705 2353
4706 8907
4707 2354
4708 8908
4709 2355
4710 8909
4711 2356
4712 8910
4713 2357
4714 8911
4715 2358
4716 8912
4717 2359
4718 8913
4719 2360
4720 8914
4721 2361
4722 8915
4723 2362
4724 8916
4725 2363
4726 8917
4727 2364
4728 8918
4729 2365
4730 8919
4731 2366
4732 8920
4733 2367
4734 8921
4735 2368
4736 8922
4737 2369
4738 8923
4739 2370
4740 8924
4741 2371
4742 8925
4743 2372
4744 8926
4745 2373
4746 8927
4747 2374
4748 8928
4749 2375
4750 8929
4751 2376
4752 8930
4753 2377
4754 8931
4755 2378
4756 8932
4757 2379
4758 8933
4759 2380
4760 8934
4761 2381
4762 8935
4763 2382
4764 8936
4765 2383
4766 8937
4767 2384
4768 8938
4769 2385
4770 8939
4771 2386
4772 8940
4773 2387
4774 8941
4775 2388
4776 8942
4777 2389
4778 8943
4779 2390
4780 8944
4781 2391
4782 8945
4783 2392
4784 8946
4785 2393
4786 8947
4787 2394
4788 8948
4789 2395
4790 8949
4791 2396
4792 8950
4793 2397
4794 8951
4795 2398
4796 8952
4797 2399
4798 8953
4799 2400
4800 8954
4801 2401
4802 8955
4803 2402
4804 8956
4805 2403
4806 8957
4807 2404
4808 8958
4809 2405
4810 8959
4811 2406
4812 8960
4813 2407
4814 8961
4815 2408
4816 8962
4817 2409
4818 8963
4819 2410
4820 8964
4821 2411
4822 8965
4823 2412
4824 8966
4825 2413
4826 8967
4827 2414
4828 8968
4829 2415
4830 8969
4831 2416
4832 8970
4833 2417
4834 8971
4835 2418
4836 8972
4837 2419
4838 8973
4839 2420
4840 8974
4841 2421
4842 8975
4843 2422
4844 8976
4845 2423
4846 8977
4847 2424
4848 8978
4849 2425
4850 8979
4851 2426
4852 8980
4853 2427
4854 8981
4855 2428
4856 8982
4857 2429
4858 8983
4859 2430
4860 8984
4861 2431
4862 8985
4863 2432
4864 8986
4865 2433
4866 8987
4867 2434
4868 8988
4869 2435
4870 8989
4871 2436
4872 8990
4873 2437
4874 8991
4875 2438
4876 8992
4877 2439
4878 8993
4879 2440
4880 8994
4881 2441
4882 8995
4883 2442
4884 8996
4885 2443
4886 8997
4887 2444
4888 8998
4889 2445
4890 8999
4891 2446
4892 9000
4893 2447
4894 9001
4895 2448
4896 9002
4897 2449
4898 9003
4899 2450
4900 9004
4901 2451
4902 9005
4903 2452
4904 9006
4905 2453
4906 9007
4907 2454
4908 9008
4909 2455
4910 9009
4911 2456
4912 9010
4913 2457
4914 9011
4915 2458
4916 9012
4917 2459
4918 9013
4919 2460
4920 9014
4921 2461
4922 9015
4923 2462
4924 9016
4925 2463
4926 9017
4927 2464
4928 9018
4929 2465
4930 9019
4931 2466
4932 9020
4933 2467
4934 9021
4935 2468
4936 9022
4937 2469
4938 9023
4939 2470
4940 9024
4941 2471
4942 9025
4943 2472
4944 9026
4945 2473
4946 9027
4947 2474
4948 9028
4949 2475
4950 9029
4951 2476
4952 9030
4953 2477
4954 9031
4955 2478
4956 9032
4957 2479
4958 9033
4959 2480
4960 9034
4961 2481
4962 9035
4963 2482
4964 9036
4965 2483
4966 9037
4967 2484
4968 9038
4969 2485
4970 9039
4971 2486
4972 9040
4973 2487
4974 9041
4975 2488
4976 9042
4977 2489
4978 9043
4979 2490
4980 9044
4981 2491
4982 9045
4983 2492
4984 9046
4985 2493
4986 9047
4987 2494
4988 9048
4989 2495
4990 9049
4991 2496
4992 9050
4993 2497
4994 9051
4995 2498
4996 9052
4997 2499
4998 9053
4999 2500
5000 9054
5001 2501
5002 9055
5003 2502
5004 9056
5005 2503
5006 9057
5007 2504
5008 9058
5009 2505
5010 9059
5011 2506
5012 9060
5013 2507
5014 9061
5015 2508
5016 9062
5017 2509
5018 9063
5019 2510
5020 9064
5021 2511
5022 9065
5023 2512
5024 9066
5025 2513
5026 9067
5027 2514
5028 9068
5029 2515
5030 9069
5031 2516
5032 9070
5033 2517
5034 9071
5035 2518
5036 9072
5037 2519
5038 9073
5039 2520
5040 9074
5041 2521
5042 9075
5043 2522
5044 9076
5045 2523
5046 9077
5047 2524
5048 9078
5049 2525
5050 9079
5051 2526
5052 9080
5053 2527
5054 9081
5055 2528
5056 9082
5057 2529
5058 9083
5059 2530
5060 9084
5061 2531
5062 9085
5063 2532
5064 9086
5065 2533
5066 9087
5067 2534
5068 9088
5069 2535
5070 9089
5071 2536
5072 9090
5073 2537
5074 9091
5075 2538
5076 9092
5077 2539
5078 9093
5079 2540
5080 9094
5081 2541
5082 9095
5083 2542
5084 9096
5085 2543
5086 9097
5087 2544
5088 9098
5089 2545
5090 9099
5091 2546
5092 9100
5093 2547
5094 9101
5095 2548
5096 9102
5097 2549
5098 9103
5099 2550
5100 9104
5101 2551
5102 9105
5103 2552
5104 9106
5105 2553
5106 9107
5107 2554
5108 9108
5109 2555
5110 9109
5111 2556
5112 9110
5113 2557
5114 9111
5115 2558
5116 9112
5117 2559
5118 9113
5119 2560
5120 9114
5121 2561
5122 9115
5123 2562
5124 9116
5125 2563
5126 9117
5127 2564
5128 9118
5129 2565
5130 9119
5131 2566
5132 9120
5133 2567
5134 9121
5135 2568
5136 9122
5137 2569
5138 9123
5139 2570
5140 9124
5141 2571
5142 9125
5143 2572
5144 9126
5145 2573
5146 9127
5147 2574
5148 9128
5149 2575
5150 9129
5151 2576
5152 9130
5153 2577
5154 9131
5155 2578
5156 9132
5157 2579
5158 9133
5159 2580
5160 9134
5161 2581
5162 9135
5163 2582
5164 9136
5165 2583
5166 9137
5167 2584
5168 9138
5169 2585
5170 9139
5171 2586
5172 9140
5173 2587
5174 9141
5175 2588
5176 9142
5177 2589
5178 9143
5179 2590
5180 9144
5181 2591
5182 9145
5183 2592
5184 9146
5185 2593
5186 9147
5187 2594
5188 9148
5189 2595
5190 9149
5191 2596
5192 9150
5193 2597
5194 9151
5195 2598
5196 9152
5197 2599
5198 9153
5199 2600
5200 9154
5201 2601
5202 9155
5203 2602
5204 9156
5205 2603
5206 9157
5207 2604
5208 9158
5209 2605
5210 9159
5211 2606
5212 9160
5213 2607
5214 9161
5215 2608
5216 9162
5217 2609
5218 9163
5219 2610
5220 9164
5221 2611
5222 9165
5223 2612
5224 9166
5225 2613
5226 9167
5227 2614
5228 9168
5229 2615
5230 9169
5231 2616
5232 9170
5233 2617
5234 9171
5235 2618
5236 9172
5237 2619
5238 9173
5239 2620
5240 9174
5241 2621
5242 9175
5243 2622
5244 9176
5245 2623
5246 9177
5247 2624
5248 9178
5249 2625
5250 9179
5251 2626
5252 9180
5253 2627
5254 9181
5255 2628
5256 9182
5257 2629
5258 9183
5259 2630
5260 9184
5261 2631
5262 9185
5263 2632
5264 9186
5265 2633
5266 9187
5267 2634
5268 9188
5269 2635
5270 9189
5271 2636
5272 9190
5273 2637
5274 9191
5275 2638
5276 9192
5277 2639
5278 9193
5279 2640
5280 9194
5281 2641
5282 9195
5283 2642
5284 9196
5285 2643
5286 9197
5287 2644
5288 9198
5289 2645
5290 9199
5291 2646
5292 9200
5293 2647
5294 9201
5295 2648
5296 9202
5297 2649
5298 9203
5299 2650
5300 9204
5301 2651
5302 9205
5303 2652
5304 9206
5305 2653
5306 9207
5307 2654
5308 9208
5309 2655
5310 9209
5311 2656
5312 9210
5313 2657
5314 9211
5315 2658
5316 9212
5317 2659
5318 9213
5319 2660
5320 9214
5321 2661
5322 9215
5323 2662
5324 9216
5325 2663
5326 9217
5327 2664
5328 9218
5329 2665
5330 9219
5331 2666
5332 9220
5333 2667
5334 9221
5335 2668
5336 9222
5337 2669
5338 9223
5339 2670
5340 9224
5341 2671
5342 9225
5343 2672
5344 9226
5345 2673
5346 9227
5347 2674
5348 9228
5349 2675
5350 9229
5351 2676
5352 9230
5353 2677
5354 9231
5355 2678
5356 9232
5357 2679
5358 9233
5359 2680
5360 9234
5361 2681
5362 9235
5363 2682
5364 9236
5365 2683
5366 9237
5367 2684
5368 9238
5369 2685
5370 9239
5371 2686
5372 9240
5373 2687
5374 9241
5375 2688
5376 9242
5377 2689
5378 9243
5379 2690
5380 9244
5381 2691
5382 9245
5383 2692
5384 9246
5385 2693
5386 9247
5387 2694
5388 9248
5389 2695
5390 9249
5391 2696
5392 9250
5393 2697
5394 9251
5395 2698
5396 9252
5397 2699
5398 9253
5399 2700
5400 9254
5401 2701
5402 9255
5403 2702
5404 9256
5405 2703
5406 9257
5407 2704
5408 9258
5409 2705
5410 9259
5411 2706
5412 9260
5413 2707
5414 9261
5415 2708
5416 9262
5417 2709
5418 9263
5419 2710
5420 9264
5421 2711
5422 9265
5423 2712
5424 9266
5425 2713
5426 9267
5427 2714
5428 9268
5429 2715
5430 9269
5431 2716
5432 9270
5433 2717
5434 9271
5435 2718
5436 9272
5437 2719
5438 9273
5439 2720
5440 9274
5441 2721
5442 9275
5443 2722
5444 9276
5445 2723
5446 9277
5447 2724
5448 9278
5449 2725
5450 9279
5451 2726
5452 9280
5453 2727
5454 9281
5455 2728
5456 9282
5457 2729
5458 9283
5459 2730
5460 9284
5461 2731
5462 9285
5463 2732
5464 9286
5465 2733
5466 9287
5467 2734
5468 9288
5469 2735
5470 9289
5471 2736
5472 9290
5473 2737
5474 9291
5475 2738
5476 9292
5477 2739
5478 9293
5479 2740
5480 9294
5481 2741
5482 9295
5483 2742
5484 9296
5485 2743
5486 9297
5487 2744
5488 9298
5489 2745
5490 9299
5491 2746
5492 9300
5493 2747
5494 9301
5495 2748
5496 9302
5497 2749
5498 9303
5499 2750
5500 9304
5501 2751
5502 9305
5503 2752
5504 9306
5505 2753
5506 9307
5507 2754
5508 9308
5509 2755
5510 9309
5511 2756
5512 9310
5513 2757
5514 9311
5515 2758
5516 9312
5517 2759
5518 9313
5519 2760
5520 9314
5521 2761
5522 9315
5523 2762
5524 9316
5525 2763
5526 9317
5527 2764
5528 9318
5529 2765
5530 9319
5531 2766
5532 9320
5533 2767
5534 9321
5535 2768
5536 9322
5537 2769
5538 9323
5539 2770
5540 9324
5541 2771
5542 9325
5543 2772
5544 9326
5545 2773
5546 9327
5547 2774
5548 9328
5549 2775
5550 9329
5551 2776
5552 9330
5553 2777
5554 9331
5555 2778
5556 9332
5557 2779
5558 9333
5559 2780
5560 9334
5561 2781
5562 9335
5563 2782
5564 9336
5565 2783
5566 9337
5567 2784
5568 9338
5569 2785
5570 9339
5571 2786
5572 9340
5573 2787
5574 9341
5575 2788
5576 9342
5577 2789
5578 9343
5579 2790
5580 9344
5581 2791
5582 9345
5583 2792
5584 9346
5585 2793
5586 9347
5587 2794
5588 9348
5589 2795
5590 9349
5591 2796
5592 9350
5593 2797
5594 9351
5595 2798
5596 9352
5597 2799
5598 9353
5599 2800
5600 9354
5601 2801
5602 9355
5603 2802
5604 9356
5605 2803
5606 9357
5607 2804
5608 9358
5609 2805
5610 9359
5611 2806
5612 9360
5613 2807
5614 9361
5615 2808
5616 9362
5617 2809
5618 9363
5619 2810
5620 9364
5621 2811
5622 9365
5623 2812
5624 9366
5625 2813
5626 9367
5627 2814
5628 9368
5629 2815
5630 9369
5631 2816
5632 9370
5633 2817
5634 9371
5635 2818
5636 9372
5637 2819
5638 9373
5639 2820
5640 9374
5641 2821
5642 9375
5643 2822
5644 9376
5645 2823
5646 9377
5647 2824
5648 9378
5649 2825
5650 9379
5651 2826
5652 9380
5653 2827
5654 9381
5655 2828
5656 9382
5657 2829
5658 9383
5659 2830
5660 9384
5661 2831
5662 9385
5663 2832
5664 9386
5665 2833
5666 9387
5667 2834
5668 9388
5669 2835
5670 9389
5671 2836
5672 9390
5673 2837
5674 9391
5675 2838
5676 9392
5677 2839
5678 9393
5679 2840
5680 9394
5681 2841
5682 9395
5683 2842
5684 9396
5685 2843
5686 9397
5687 2844
5688 9398
5689 2845
5690 9399
5691 2846
5692 9400
5693 2847
5694 9401
5695 2848
5696 9402
5697 2849
5698 9403
5699 2850
5700 9404
5701 2851
5702 9405
5703 2852
5704 9406
5705 2853
5706 9407
5707 2854
5708 9408
5709 2855
5710 9409
5711 2856
5712 9410
5713 2857
5714 9411
5715 2858
5716 9412
5717 2859
5718 9413
5719 2860
5720 9414
5721 2861
5722 9415
5723 2862
5724 9416
5725 2863
5726 9417
5727 2864
5728 9418
5729 2865
5730 9419
5731 2866
5732 9420
5733 2867
5734 9421
5735 2868
5736 9422
5737 2869
5738 9423
5739 2870
5740 9424
5741 2871
5742 9425
5743 2872
5744 9426
5745 2873
5746 9427
5747 2874
5748 9428
5749 2875
5750 9429
5751 2876
5752 9430
5753 2877
5754 9431
5755 2878
5756 9432
5757 2879
5758 9433
5759 2880
5760 9434
5761 2881
5762 9435
5763 2882
5764 9436
5765 2883
5766 9437
5767 2884
5768 9438
5769 2885
5770 9439
5771 2886
5772 9440
5773 2887
5774 9441
5775 2888
5776 9442
5777 2889
5778 9443
5779 2890
5780 9444
5781 2891
5782 9445
5783 2892
5784 9446
5785 2893
5786 9447
5787 2894
5788 9448
5789 2895
5790 9449
5791 2896
5792 9450
5793 2897
5794 9451
5795 2898
5796 9452
5797 2899
5798 9453
5799 2900
5800 9454
5801 2901
5802 9455
5803 2902
5804 9456
5805 2903
5806 9457
5807 2904
5808 9458
5809 2905
5810 9459
5811 2906
5812 9460
5813 2907
5814 9461
5815 2908
5816 9462
5817 2909
5818 9463
5819 2910
5820 9464
5821 2911
5822 9465
5823 2912
5824 9466
5825 2913
5826 9467
5827 2914
5828 9468
5829 2915
5830 9469
5831 2916
5832 9470
5833 2917
5834 9471
5835 2918
5836 9472
5837 2919
5838 9473
5839 2920
5840 9474
5841 2921
5842 9475
5843 2922
5844 9476
5845 2923
5846 9477
5847 2924
5848 9478
5849 2925
5850 9479
5851 2926
5852 9480
5853 2927
5854 9481
5855 2928
5856 9482
5857 2929
5858 9483
5859 2930
5860 9484
5861 2931
5862 9485
5863 2932
5864 9486
5865 2933
5866 9487
5867 2934
5868 9488
5869 2935
5870 9489
5871 2936
5872 9490
5873 2937
5874 9491
5875 2938
5876 9492
5877 2939
5878 9493
5879 2940
5880 9494
5881 2941
5882 9495
5883 2942
5884 9496
5885 2943
5886 9497
5887 2944
5888 9498
5889 2945
5890 9499
5891 2946
5892 9500
5893 2947
5894 9501
5895 2948
5896 9502
5897 2949
5898 9503
5899 2950
5900 9504
5901 2951
5902 9505
5903 2952
5904 9506
5905 2953
5906 9507
5907 2954
5908 9508
5909 2955
5910 9509
5911 2956
5912 9510
5913 2957
5914 9511
5915 2958
5916 9512
5917 2959
5918 9513
5919 2960
5920 9514
5921 2961
5922 9515
5923 2962
5924 9516
5925 2963
5926 9517
5927 2964
5928 9518
5929 2965
5930 9519
5931 2966
5932 9520
5933 2967
5934 9521
5935 2968
5936 9522
5937 2969
5938 9523
5939 2970
5940 9524
5941 2971
5942 9525
5943 2972
5944 9526
5945 2973
5946 9527
5947 2974
5948 9528
5949 2975
5950 9529
5951 2976
5952 9530
5953 2977
5954 9531
5955 2978
5956 9532
5957 2979
5958 9533
5959 2980
5960 9534
5961 2981
5962 9535
5963 2982
5964 9536
5965 2983
5966 9537
5967 2984
5968 9538
5969 2985
5970 9539
5971 2986
5972 9540
5973 2987
5974 9541
5975 2988
5976 9542
5977 2989
5978 9543
5979 2990
5980 9544
5981 2991
5982 9545
5983 2992
5984 9546
5985 2993
5986 9547
5987 2994
5988 9548
5989 2995
5990 9549
5991 2996
5992 9550
5993 2997
5994 9551
5995 2998
5996 9552
5997 2999
5998 9553
5999 3000
6000 9554
6001 3001
6002 9555
6003 3002
6004 9556
6005 3003
6006 9557
6007 3004
6008 9558
6009 3005
6010 9559
6011 3006
6012 9560
6013 3007
6014 9561
6015 3008
6016 9562
6017 3009
6018 9563
6019 3010
6020 9564
6021 3011
6022 9565
6023 3012
6024 9566
6025 3013
6026 9567
6027 3014
6028 9568
6029 3015
6030 9569
6031 3016
6032 9570
6033 3017
6034 9571
6035 3018
6036 9572
6037 3019
6038 9573
6039 3020
6040 9574
6041 3021
6042 9575
6043 3022
6044 9576
6045 3023
6046 9577
6047 3024
6048 9578
6049 3025
6050 9579
6051 3026
6052 9580
6053 3027
6054 9581
6055 3028
6056 9582
6057 3029
6058 9583
6059 3030
6060 9584
6061 3031
6062 9585
6063 3032
6064 9586
6065 3033
6066 9587
6067 3034
6068 9588
6069 3035
6070 9589
6071 3036
6072 9590
6073 3037
6074 9591
6075 3038
6076 9592
6077 3039
6078 9593
6079 3040
6080 9594
6081 3041
6082 9595
6083 3042
6084 9596
6085 3043
6086 9597
6087 3044
6088 9598
6089 3045
6090 9599
6091 3046
6092 9600
6093 3047
6094 9601
6095 3048
6096 9602
6097 3049
6098 9603
6099 3050
6100 9604
6101 3051
6102 9605
6103 3052
6104 9606
6105 3053
6106 9607
6107 3054
6108 9608
6109 3055
6110 9609
6111 3056
6112 9610
6113 3057
6114 9611
6115 3058
6116 9612
6117 3059
6118 9613
6119 3060
6120 9614
6121 3061
6122 9615
6123 3062
6124 9616
6125 3063
6126 9617
6127 3064
6128 9618
6129 3065
6130 9619
6131 3066
6132 9620
6133 3067
6134 9621
6135 3068
6136 9622
6137 3069
6138 9623
6139 3070
6140 9624
6141 3071
6142 9625
6143 3072
6144 9626
6145 3073
6146 9627
6147 3074
6148 9628
6149 3075
6150 9629
6151 3076
6152 9630
6153 3077
6154 9631
6155 3078
6156 9632
6157 3079
6158 9633
6159 3080
6160 9634
6161 3081
6162 9635
6163 3082
6164 9636
6165 3083
6166 9637
6167 3084
6168 9638
6169 3085
6170 9639
6171 3086
6172 9640
6173 3087
6174 9641
6175 3088
6176 9642
6177 3089
6178 9643
6179 3090
6180 9644
6181 3091
6182 9645
6183 3092
6184 9646
6185 3093
6186 9647
6187 3094
6188 9648
6189 3095
6190 9649
6191 3096
6192 9650
6193 3097
6194 9651
6195 3098
6196 9652
6197 3099
6198 9653
6199 3100
6200 9654
6201 3101
6202 9655
6203 3102
6204 9656
6205 3103
6206 9657
6207 3104
6208 9658
6209 3105
6210 9659
6211 3106
6212 9660
6213 3107
6214 9661
6215 3108
6216 9662
6217 3109
6218 9663
6219 3110
6220 9664
6221 3111
6222 9665
6223 3112
6224 9666
6225 3113
6226 9667
6227 3114
6228 9668
6229 3115
6230 9669
6231 3116
6232 9670
6233 3117
6234 9671
6235 3118
6236 9672
6237 3119
6238 9673
6239 3120
6240 9674
6241 3121
6242 9675
6243 3122
6244 9676
6245 3123
6246 9677
6247 3124
6248 9678
6249 3125
6250 9679
6251 3126
6252 9680
6253 3127
6254 9681
6255 3128
6256 9682
6257 3129
6258 9683
6259 3130
6260 9684
6261 3131
6262 9685
6263 3132
6264 9686
6265 3133
6266 9687
6267 3134
6268 9688
6269 3135
6270 9689
6271 3136
6272 9690
6273 3137
6274 9691
6275 3138
6276 9692
6277 3139
6278 9693
6279 3140
6280 9694
6281 3141
6282 9695
6283 3142
6284 9696
6285 3143
6286 9697
6287 3144
6288 9698
6289 3145
6290 9699
6291 3146
6292 9700
6293 3147
6294 9701
6295 3148
6296 9702
6297 3149
6298 9703
6299 3150
6300 9704
6301 3151
6302 9705
6303 3152
6304 9706
6305 3153
6306 9707
6307 3154
6308 9708
6309 3155
6310 9709
6311 3156
6312 9710
6313 3157
6314 9711
6315 3158
6316 9712
6317 3159
6318 9713
6319 3160
6320 9714
6321 3161
6322 9715
6323 3162
6324 9716
6325 3163
6326 9717
6327 3164
6328 9718
6329 3165
6330 9719
6331 3166
6332 9720
6333 3167
6334 9721
6335 3168
6336 9722
6337 3169
6338 9723
6339 3170
6340 9724
6341 3171
6342 9725
6343 3172
6344 9726
6345 3173
6346 9727
6347 3174
6348 9728
6349 3175
6350 9729
6351 3176
6352 9730
6353 3177
6354 9731
6355 3178
6356 9732
6357 3179
6358 9733
6359 3180
6360 9734
6361 3181
6362 9735
6363 3182
6364 9736
6365 3183
6366 9737
6367 3184
6368 9738
6369 3185
6370 9739
6371 3186
6372 9740
6373 3187
6374 9741
6375 3188
6376 9742
6377 3189
6378 9743
6379 3190
6380 9744
6381 3191
6382 9745
6383 3192
6384 9746
6385 3193
6386 9747
6387 3194
6388 9748
6389 3195
6390 9749
6391 3196
6392 9750
6393 3197
6394 9751
6395 3198
6396 9752
6397 3199
6398 9753
6399 3200
6400 9754
6401 3201
6402 9755
6403 3202
6404 9756
6405 3203
6406 9757
6407 3204
6408 9758
6409 3205
6410 9759
6411 3206
6412 9760
6413 3207
6414 9761
6415 3208
6416 9762
6417 3209
6418 9763
6419 3210
6420 9764
6421 3211
6422 9765
6423 3212
6424 9766
6425 3213
6426 9767
6427 3214
6428 9768
6429 3215
6430 9769
6431 3216
6432 9770
6433 3217
6434 9771
6435 3218
6436 9772
6437 3219
6438 9773
6439 3220
6440 9774
6441 3221
6442 9775
6443 3222
6444 9776
6445 3223
6446 9777
6447 3224
6448 9778
6449 3225
6450 9779
6451 3226
6452 9780
6453 3227
6454 9781
6455 3228
6456 9782
6457 3229
6458 9783
6459 3230
6460 9784
6461 3231
6462 9785
6463 3232
6464 9786
6465 3233
6466 9787
6467 3234
6468 9788
6469 3235
6470 9789
6471 3236
6472 9790
6473 3237
6474 9791
6475 3238
6476 9792
6477 3239
6478 9793
6479 3240
6480 9794
6481 3241
6482 9795
6483 3242
6484 9796
6485 3243
6486 9797
6487 3244
6488 9798
6489 3245
6490 9799
6491 3246
6492 9800
6493 3247
6494 9801
6495 3248
6496 9802
6497 3249
6498 9803
6499 3250
6500 9804
6501 3251
6502 9805
6503 3252
6504 9806
6505 3253
6506 9807
6507 3254
6508 9808
6509 3255
6510 9809
6511 3256
6512 9810
6513 3257
6514 9811
6515 3258
6516 9812
6517 3259
6518 9813
6519 3260
6520 9814
6521 3261
6522 9815
6523 3262
6524 9816
6525 3263
6526 9817
6527 3264
6528 9818
6529 3265
6530 9819
6531 3266
6532 9820
6533 3267
6534 9821
6535 3268
6536 9822
6537 3269
6538 9823
6539 3270
6540 9824
6541 3271
6542 9825
6543 3272
6544 9826
6545 3273
6546 9827
6547 3274
6548 9828
6549 3275
6550 9829
6551 3276
6552 9830
6553 3277
6554 9831
6555 3278
6556 9832
6557 3279
6558 9833
6559 3280
6560 9834
6561 3281
6562 9835
6563 3282
6564 9836
6565 3283
6566 9837
6567 3284
6568 9838
6569 3285
6570 9839
6571 3286
6572 9840
6573 3287
6574 9841
6575 3288
6576 9842
6577 3289
6578 9843
6579 3290
6580 9844
6581 3291
6582 9845
6583 3292
6584 9846
6585 3293
6586 9847
6587 3294
6588 9848
6589 3295
6590 9849
6591 3296
6592 9850
6593 3297
6594 9851
6595 3298
6596 9852
6597 3299
6598 9853
6599 3300
6600 9854
6601 3301
6602 9855
6603 3302
6604 9856
6605 3303
6606 9857
6607 3304
6608 9858
6609 3305
6610 9859
6611 3306
6612 9860
6613 3307
6614 9861
6615 3308
6616 9862
6617 3309
6618 9863
6619 3310
6620 9864
6621 3311
6622 9865
6623 3312
6624 9866
6625 3313
6626 9867
6627 3314
6628 9868
6629 3315
6630 9869
6631 3316
6632 9870
6633 3317
6634 9871
6635 3318
6636 9872
6637 3319
6638 9873
6639 3320
6640 9874
6641 3321
6642 9875
6643 3322
6644 9876
6645 3323
6646 9877
6647 3324
6648 9878
6649 3325
6650 9879
6651 3326
6652 9880
6653 3327
6654 9881
6655 3328
6656 9882
6657 3329
6658 9883
6659 3330
6660 9884
6661 3331
6662 9885
6663 3332
6664 9886
6665 3333
6666 9887
6667 3334
6668 9888
6669 3335
6670 9889
6671 3336
6672 9890
6673 3337
6674 9891
6675 3338
6676 9892
6677 3339
6678 9893
6679 3340
6680 9894
6681 3341
6682 9895
6683 3342
6684 9896
6685 3343
6686 9897
6687 3344
6688 9898
6689 3345
6690 9899
6691 3346
6692 9900
6693 3347
6694 9901
6695 3348
6696 9902
6697 3349
6698 9903
6699 3350
6700 9904
6701 3351
6702 9905
6703 3352
6704 9906
6705 3353
6706 9907
6707 3354
6708 9908
6709 3355
6710 9909
6711 3356
6712 9910
6713 3357
6714 9911
6715 3358
6716 9912
6717 3359
6718 9913
6719 3360
6720 9914
6721 3361
6722 9915
6723 3362
6724 9916
6725 3363
6726 9917
6727 3364
6728 9918
6729 3365
6730 9919
6731 3366
6732 9920
6733 3367
6734 9921
6735 3368
6736 9922
6737 3369
6738 9923
6739 3370
6740 9924
6741 3371
6742 9925
6743 3372
6744 9926
6745 3373
6746 9927
6747 3374
6748 9928
6749 3375
6750 9929
6751 3376
6752 9930
6753 3377
6754 9931
6755 3378
6756 9932
6757 3379
6758 9933
6759 3380
6760 9934
6761 3381
6762 9935
6763 3382
6764 9936
6765 3383
6766 9937
6767 3384
6768 9938
6769 3385
6770 9939
6771 3386
6772 9940
6773 3387
6774 9941
6775 3388
6776 9942
6777 3389
6778 9943
6779 3390
6780 9944
6781 3391
6782 9945
6783 3392
6784 9946
6785 3393
6786 9947
6787 3394
6788 9948
6789 3395
6790 9949
6791 3396
6792 9950
6793 3397
6794 9951
6795 3398
6796 9952
6797 3399
6798 9953
6799 3400
6800 9954
6801 3401
6802 9955
6803 3402
6804 9956
6805 3403
6806 9957
6807 3404
6808 9958
6809 3405
6810 9959
6811 3406
6812 9960
6813 3407
6814 9961
6815 3408
6816 9962
6817 3409
6818 9963
6819 3410
6820 9964
6821 3411
6822 9965
6823 3412
6824 9966
6825 3413
6826 9967
6827 3414
6828 9968
6829 3415
6830 9969
6831 3416
6832 9970
6833 3417
6834 9971
6835 3418
6836 9972
6837 3419
6838 9973
6839 3420
6840 9974
6841 3421
6842 9975
6843 3422
6844 9976
6845 3423
6846 9977
6847 3424
6848 9978
6849 3425
6850 9979
6851 3426
6852 9980
6853 3427
6854 9981
6855 3428
6856 9982
6857 3429
6858 9983
6859 3430
6860 9984
6861 3431
6862 9985
6863 3432
6864 9986
6865 3433
6866 9987
6867 3434
6868 9988
6869 3435
6870 9989
6871 3436
6872 9990
6873 3437
6874 9991
6875 3438
6876 9992
6877 3439
6878 9993
6879 3440
6880 9994
6881 3441
6882 9995
6883 3442
6884 9996
6885 3443
6886 9997
6887 3444
6888 9998
6889 3445
6890 9999
6891 3446
6892 10000
6893 3447
6894 10001
6895 3448
6896 10002
6897 3449
6898 10003
6899 3450
6900 10004
6901 3451
6902 10005
6903 3452
6904 10006
6905 3453
6906 10007
6907 3454
6908 10008
6909 3455
6910 10009
6911 3456
6912 10010
6913 3457
6914 10011
6915 3458
6916 10012
6917 3459
6918 10013
6919 3460
6920 10014
6921 3461
6922 10015
6923 3462
6924 10016
6925 3463
6926 10017
6927 3464
6928 10018
6929 3465
6930 10019
6931 3466
6932 10020
6933 3467
6934 10021
6935 3468
6936 10022
6937 3469
6938 10023
6939 3470
6940 10024
6941 3471
6942 10025
6943 3472
6944 10026
6945 3473
6946 10027
6947 3474
6948 10028
6949 3475
6950 10029
6951 3476
6952 10030
6953 3477
6954 10031
6955 3478
6956 10032
6957 3479
6958 10033
6959 3480
6960 10034
6961 3481
6962 10035
6963 3482
6964 10036
6965 3483
6966 10037
6967 3484
6968 10038
6969 3485
6970 10039
6971 3486
6972 10040
6973 3487
6974 10041
6975 3488
6976 10042
6977 3489
6978 10043
6979 3490
6980 10044
6981 3491
6982 10045
6983 3492
6984 10046
6985 3493
6986 10047
6987 3494
6988 10048
6989 3495
6990 10049
6991 3496
6992 10050
6993 3497
6994 10051
6995 3498
6996 10052
6997 3499
6998 10053
6999 3500
7000 10054
7001 3501
7002 10055
7003 3502
7004 10056
7005 3503
7006 10057
7007 3504
7008 10058
7009 3505
7010 10059
7011 3506
7012 10060
7013 3507
7014 10061
7015 3508
7016 10062
7017 3509
7018 10063
7019 3510
7020 10064
7021 3511
7022 10065
7023 3512
7024 10066
7025 3513
7026 10067
7027 3514
7028 10068
7029 3515
7030 10069
7031 3516
7032 10070
7033 3517
7034 10071
7035 3518
7036 10072
7037 3519
7038 10073
7039 3520
7040 10074
7041 3521
7042 10075
7043 3522
7044 10076
7045 3523
7046 10077
7047 3524
7048 10078
7049 3525
7050 10079
7051 3526
7052 10080
7053 3527
7054 10081
7055 3528
7056 10082
7057 3529
7058 10083
7059 3530
7060 10084
7061 3531
7062 10085
7063 3532
7064 10086
7065 3533
7066 10087
7067 3534
7068 10088
7069 3535
7070 10089
7071 3536
7072 10090
7073 3537
7074 10091
7075 3538
7076 10092
7077 3539
7078 10093
7079 3540
7080 10094
7081 3541
7082 10095
7083 3542
7084 10096
7085 3543
7086 10097
7087 3544
7088 10098
7089 3545
7090 10099
7091 3546
7092 10100
7093 3547
7094 10101
7095 3548
7096 10102
7097 3549
7098 10103
7099 3550
7100 10104
7101 3551
7102 10105
7103 3552
7104 10106
7105 3553
7106 10107
7107 3554
7108 10108
7109 3555
7110 10109
7111 3556
7112 10110
7113 3557
7114 10111
7115 3558
7116 10112
7117 3559
7118 10113
7119 3560
7120 10114
7121 3561
7122 10115
7123 3562
7124 10116
7125 3563
7126 10117
7127 3564
7128 10118
7129 3565
7130 10119
7131 3566
7132 10120
7133 3567
7134 10121
7135 3568
7136 10122
7137 3569
7138 10123
7139 3570
7140 10124
7141 3571
7142 10125
7143 3572
7144 10126
7145 3573
7146 10127
7147 3574
7148 10128
7149 3575
7150 10129
7151 3576
7152 10130
7153 3577
7154 10131
7155 3578
7156 10132
7157 3579
7158 10133
7159 3580
7160 10134
7161 3581
7162 10135
7163 3582
7164 10136
7165 3583
7166 10137
7167 3584
7168 10138
7169 3585
7170 10139
7171 3586
7172 10140
7173 3587
7174 10141
7175 3588
7176 10142
7177 3589
7178 10143
7179 3590
7180 10144
7181 3591
7182 10145
7183 3592
7184 10146
7185 3593
7186 10147
7187 3594
7188 10148
7189 3595
7190 10149
7191 3596
7192 10150
7193 3597
7194 10151
7195 3598
7196 10152
7197 3599
7198 10153
7199 3600
7200 10154
7201 3601
7202 10155
7203 3602
7204 10156
7205 3603
7206 10157
7207 3604
7208 10158
7209 3605
7210 10159
7211 3606
7212 10160
7213 3607
7214 10161
7215 3608
7216 10162
7217 3609
7218 10163
7219 3610
7220 10164
7221 3611
7222 10165
7223 3612
7224 10166
7225 3613
7226 10167
7227 3614
7228 10168
7229 3615
7230 10169
7231 3616
7232 10170
7233 3617
7234 10171
7235 3618
7236 10172
7237 3619
7238 10173
7239 3620
7240 10174
7241 3621
7242 10175
7243 3622
7244 10176
7245 3623
7246 10177
7247 3624
7248 10178
7249 3625
7250 10179
7251 3626
7252 10180
7253 3627
7254 10181
7255 3628
7256 10182
7257 3629
7258 10183
7259 3630
7260 10184
7261 3631
7262 10185
7263 3632
7264 10186
7265 3633
7266 10187
7267 3634
7268 10188
7269 3635
7270 10189
7271 3636
7272 10190
7273 3637
7274 10191
7275 3638
7276 10192
7277 3639
7278 10193
7279 3640
7280 10194
7281 3641
7282 10195
7283 3642
7284 10196
7285 3643
7286 10197
7287 3644
7288 10198
7289 3645
7290 10199
7291 3646
7292 10200
7293 3647
7294 10201
7295 3648
7296 10202
7297 3649
7298 10203
7299 3650
7300 10204
7301 3651
7302 10205
7303 3652
7304 10206
7305 3653
7306 10207
7307 3654
7308 10208
7309 3655
7310 10209
7311 3656
7312 10210
7313 3657
7314 10211
7315 3658
7316 10212
7317 3659
7318 10213
7319 3660
7320 10214
7321 3661
7322 10215
7323 3662
7324 10216
7325 3663
7326 10217
7327 3664
7328 10218
7329 3665
7330 10219
7331 3666
7332 10220
7333 3667
7334 10221
7335 3668
7336 10222
7337 3669
7338 10223
7339 3670
7340 10224
7341 3671
7342 10225
7343 3672
7344 10226
7345 3673
7346 10227
7347 3674
7348 10228
7349 3675
7350 10229
7351 3676
7352 10230
7353 3677
7354 10231
7355 3678
7356 10232
7357 3679
7358 10233
7359 3680
7360 10234
7361 3681
7362 10235
7363 3682
7364 10236
7365 3683
7366 10237
7367 3684
7368 10238
7369 3685
7370 10239
7371 3686
7372 10240
7373 3687
7374 10241
7375 3688
7376 10242
7377 3689
7378 10243
7379 3690
7380 10244
7381 3691
7382 10245
7383 3692
7384 10246
7385 3693
7386 10247
7387 3694
7388 10248
7389 3695
7390 10249
7391 3696
7392 10250
7393 3697
7394 10251
7395 3698
7396 10252
7397 3699
7398 10253
7399 3700
7400 10254
7401 3701
7402 10255
7403 3702
7404 10256
7405 3703
7406 10257
7407 3704
7408 10258
7409 3705
7410 10259
7411 3706
7412 10260
7413 3707
7414 10261
7415 3708
7416 10262
7417 3709
7418 10263
7419 3710
7420 10264
7421 3711
7422 10265
7423 3712
7424 10266
7425 3713
7426 10267
7427 3714
7428 10268
7429 3715
7430 10269
7431 3716
7432 10270
7433 3717
7434 10271
7435 3718
7436 10272
7437 3719
7438 10273
7439 3720
7440 10274
7441 3721
7442 10275
7443 3722
7444 10276
7445 3723
7446 10277
7447 3724
7448 10278
7449 3725
7450 10279
7451 3726
7452 10280
7453 3727
7454 10281
7455 3728
7456 10282
7457 3729
7458 10283
7459 3730
7460 10284
7461 3731
7462 10285
7463 3732
7464 10286
7465 3733
7466 10287
7467 3734
7468 10288
7469 3735
7470 10289
7471 3736
7472 10290
7473 3737
7474 10291
7475 3738
7476 10292
7477 3739
7478 10293
7479 3740
7480 10294
7481 3741
7482 10295
7483 3742
7484 10296
7485 3743
7486 10297
7487 3744
7488 10298
7489 3745
7490 10299
7491 3746
7492 10300
7493 3747
7494 10301
7495 3748
7496 10302
7497 3749
7498 10303
7499 3750
7500 10304
7501 3751
7502 10305
7503 3752
7504 10306
7505 3753
7506 10307
7507 3754
7508 10308
7509 3755
7510 10309
7511 3756
7512 10310
7513 3757
7514 10311
7515 3758
7516 10312
7517 3759
7518 10313
7519 3760
7520 10314
7521 3761
7522 10315
7523 3762
7524 10316
7525 3763
7526 10317
7527 3764
7528 10318
7529 3765
7530 10319
7531 3766
7532 10320
7533 3767
7534 10321
7535 3768
7536 10322
7537 3769
7538 10323
7539 3770
7540 10324
7541 3771
7542 10325
7543 3772
7544 10326
7545 3773
7546 10327
7547 3774
7548 10328
7549 3775
7550 10329
7551 3776
7552 10330
7553 3777
7554 10331
7555 3778
7556 10332
7557 3779
7558 10333
7559 3780
7560 10334
7561 3781
7562 10335
7563 3782
7564 10336
7565 3783
7566 10337
7567 3784
7568 10338
7569 3785
7570 10339
7571 3786
7572 10340
7573 3787
7574 10341
7575 3788
7576 10342
7577 3789
7578 10343
7579 3790
7580 10344
7581 3791
7582 10345
7583 3792
7584 10346
7585 3793
7586 10347
7587 3794
7588 10348
7589 3795
7590 10349
7591 3796
7592 10350
7593 3797
7594 10351
7595 3798
7596 10352
7597 3799
7598 10353
7599 3800
7600 10354
7601 3801
7602 10355
7603 3802
7604 10356
7605 3803
7606 10357
7607 3804
7608 10358
7609 3805
7610 10359
7611 3806
7612 10360
7613 3807
7614 10361
7615 3808
7616 10362
7617 3809
7618 10363
7619 3810
7620 10364
7621 3811
7622 10365
7623 3812
7624 10366
7625 3813
7626 10367
7627 3814
7628 10368
7629 3815
7630 10369
7631 3816
7632 10370
7633 3817
7634 10371
7635 3818
7636 10372
7637 3819
7638 10373
7639 3820
7640 10374
7641 3821
7642 10375
7643 3822
7644 10376
7645 3823
7646 10377
7647 3824
7648 10378
7649 3825
7650 10379
7651 3826
7652 10380
7653 3827
7654 10381
7655 3828
7656 10382
7657 3829
7658 10383
7659 3830
7660 10384
7661 3831
7662 10385
7663 3832
7664 10386
7665 3833
7666 10387
7667 3834
7668 10388
7669 3835
7670 10389
7671 3836
7672 10390
7673 3837
7674 10391
7675 3838
7676 10392
7677 3839
7678 10393
7679 3840
7680 10394
7681 3841
7682 10395
7683 3842
7684 10396
7685 3843
7686 10397
7687 3844
7688 10398
7689 3845
7690 10399
7691 3846
7692 10400
7693 3847
7694 10401
7695 3848
7696 10402
7697 3849
7698 10403
7699 3850
7700 10404
7701 3851
7702 10405
7703 3852
7704 10406
7705 3853
7706 10407
7707 3854
7708 10408
7709 3855
7710 10409
7711 3856
7712 10410
7713 3857
7714 10411
7715 3858
7716 10412
7717 3859
7718 10413
7719 3860
7720 10414
7721 3861
7722 10415
7723 3862
7724 10416
7725 3863
7726 10417
7727 3864
7728 10418
7729 3865
7730 10419
7731 3866
7732 10420
7733 3867
7734 10421
7735 3868
7736 10422
7737 3869
7738 10423
7739 3870
7740 10424
7741 3871
7742 10425
7743 3872
7744 10426
7745 3873
7746 10427
7747 3874
7748 10428
7749 3875
7750 10429
7751 3876
7752 10430
7753 3877
7754 10431
7755 3878
7756 10432
7757 3879
7758 10433
7759 3880
7760 10434
7761 3881
7762 10435
7763 3882
7764 10436
7765 3883
7766 10437
7767 3884
7768 10438
7769 3885
7770 10439
7771 3886
7772 10440
7773 3887
7774 10441
7775 3888
7776 10442
7777 3889
7778 10443
7779 3890
7780 10444
7781 3891
7782 10445
7783 3892
7784 10446
7785 3893
7786 10447
7787 3894
7788 10448
7789 3895
7790 10449
7791 3896
7792 10450
7793 3897
7794 10451
7795 3898
7796 10452
7797 3899
7798 10453
7799 3900
7800 10454
7801 3901
7802 10455
7803 3902
7804 10456
7805 3903
7806 10457
7807 3904
7808 10458
7809 3905
7810 10459
7811 3906
7812 10460
7813 3907
7814 10461
7815 3908
7816 10462
7817 3909
7818 10463
7819 3910
7820 10464
7821 3911
7822 10465
7823 3912
7824 10466
7825 3913
7826 10467
7827 3914
7828 10468
7829 3915
7830 10469
7831 3916
7832 10470
7833 3917
7834 10471
7835 3918
7836 10472
7837 3919
7838 10473
7839 3920
7840 10474
7841 3921
7842 10475
7843 3922
7844 10476
7845 3923
7846 10477
7847 3924
7848 10478
7849 3925
7850 10479
7851 3926
7852 10480
7853 3927
7854 10481
7855 3928
7856 10482
7857 3929
7858 10483
7859 3930
7860 10484
7861 3931
7862 10485
7863 3932
7864 10486
7865 3933
7866 10487
7867 3934
7868 10488
7869 3935
7870 10489
7871 3936
7872 10490
7873 3937
7874 10491
7875 3938
7876 10492
7877 3939
7878 10493
7879 3940
7880 10494
7881 3941
7882 10495
7883 3942
7884 10496
7885 3943
7886 10497
7887 3944
7888 10498
7889 3945
7890 10499
7891 3946
7892 10500
7893 3947
7894 10501
7895 3948
7896 10502
7897 3949
7898 10503
7899 3950
7900 10504
7901 3951
7902 10505
7903 3952
7904 10506
7905 3953
7906 10507
7907 3954
7908 10508
7909 3955
7910 10509
7911 3956
7912 10510
7913 3957
7914 10511
7915 3958
7916 10512
7917 3959
7918 10513
7919 3960
7920 10514
7921 3961
7922 10515
7923 3962
7924 10516
7925 3963
7926 10517
7927 3964
7928 10518
7929 3965
7930 10519
7931 3966
7932 10520
7933 3967
7934 10521
7935 3968
7936 10522
7937 3969
7938 10523
7939 3970
7940 10524
7941 3971
7942 10525
7943 3972
7944 10526
7945 3973
7946 10527
7947 3974
7948 10528
7949 3975
7950 10529
7951 3976
7952 10530
7953 3977
7954 10531
7955 3978
7956 10532
7957 3979
7958 10533
7959 3980
7960 10534
7961 3981
7962 10535
7963 3982
7964 10536
7965 3983
7966 10537
7967 3984
7968 10538
7969 3985
7970 10539
7971 3986
7972 10540
7973 3987
7974 10541
7975 3988
7976 10542
7977 3989
7978 10543
7979 3990
7980 10544
7981 3991
7982 10545
7983 3992
7984 10546
7985 3993
7986 10547
7987 3994
7988 10548
7989 3995
7990 10549
7991 3996
7992 10550
7993 3997
7994 10551
7995 3998
7996 10552
7997 3999
7998 10553
7999 4000
8000 10554
8001 4001
8002 10555
8003 4002
8004 10556
8005 4003
8006 10557
8007 4004
8008 10558
8009 4005
8010 10559
8011 4006
8012 10560
8013 4007
8014 10561
8015 4008
8016 10562
8017 4009
8018 10563
8019 4010
8020 10564
8021 4011
8022 10565
8023 4012
8024 10566
8025 4013
8026 10567
8027 4014
8028 10568
8029 4015
8030 10569
8031 4016
8032 10570
8033 4017
8034 10571
8035 4018
8036 10572
8037 4019
8038 10573
8039 4020
8040 10574
8041 4021
8042 10575
8043 4022
8044 10576
8045 4023
8046 10577
8047 4024
8048 10578
8049 4025
8050 10579
8051 4026
8052 10580
8053 4027
8054 10581
8055 4028
8056 10582
8057 4029
8058 10583
8059 4030
8060 10584
8061 4031
8062 10585
8063 4032
8064 10586
8065 4033
8066 10587
8067 4034
8068 10588
8069 4035
8070 10589
8071 4036
8072 10590
8073 4037
8074 10591
8075 4038
8076 10592
8077 4039
8078 10593
8079 4040
8080 10594
8081 4041
8082 10595
8083 4042
8084 10596
8085 4043
8086 10597
8087 4044
8088 10598
8089 4045
8090 10599
8091 4046
8092 10600
8093 4047
8094 10601
8095 4048
8096 10602
8097 4049
8098 10603
8099 4050
8100 10604
8101 4051
8102 10605
8103 4052
8104 10606
8105 4053
8106 10607
8107 4054
8108 10608
8109 4055
8110 10609
8111 4056
8112 10610
8113 4057
8114 10611
8115 4058
8116 10612
8117 4059
8118 10613
8119 4060
8120 10614
8121 4061
8122 10615
8123 4062
8124 10616
8125 4063
8126 10617
8127 4064
8128 10618
8129 4065
8130 10619
8131 4066
8132 10620
8133 4067
8134 10621
8135 4068
8136 10622
8137 4069
8138 10623
8139 4070
8140 10624
8141 4071
8142 10625
8143 4072
8144 10626
8145 4073
8146 10627
8147 4074
8148 10628
8149 4075
8150 10629
8151 4076
8152 10630
8153 4077
8154 10631
8155 4078
8156 10632
8157 4079
8158 10633
8159 4080
8160 10634
8161 4081
8162 10635
8163 4082
8164 10636
8165 4083
8166 10637
8167 4084
8168 10638
8169 4085
8170 10639
8171 4086
8172 10640
8173 4087
8174 10641
8175 4088
8176 10642
8177 4089
8178 10643
8179 4090
8180 10644
8181 4091
8182 10645
8183 4092
8184 10646
8185 4093
8186 10647
8187 4094
8188 10648
8189 4095
8190 10649
8191 4096
8192 10650
8193 4097
8194 10651
8195 4098
8196 10652
8197 4099
8198 10653
8199 4100
8200 10654
8201 4101
8202 10655
8203 4102
8204 10656
8205 4103
8206 10657
8207 4104
8208 10658
8209 4105
8210 10659
8211 4106
8212 10660
8213 4107
8214 10661
8215 4108
8216 10662
8217 4109
8218 10663
8219 4110
8220 10664
8221 4111
8222 10665
8223 4112
8224 10666
8225 4113
8226 10667
8227 4114
8228 10668
8229 4115
8230 10669
8231 4116
8232 10670
8233 4117
8234 10671
8235 4118
8236 10672
8237 4119
8238 10673
8239 4120
8240 10674
8241 4121
8242 10675
8243 4122
8244 10676
8245 4123
8246 10677
8247 4124
8248 10678
8249 4125
8250 10679
8251 4126
8252 10680
8253 4127
8254 10681
8255 4128
8256 10682
8257 4129
8258 10683
8259 4130
8260 10684
8261 4131
8262 10685
8263 4132
8264 10686
8265 4133
8266 10687
8267 4134
8268 10688
8269 4135
8270 10689
8271 4136
8272 10690
8273 4137
8274 10691
8275 4138
8276 10692
8277 4139
8278 10693
8279 4140
8280 10694
8281 4141
8282 10695
8283 4142
8284 10696
8285 4143
8286 10697
8287 4144
8288 10698
8289 4145
8290 10699
8291 4146
8292 10700
8293 4147
8294 10701
8295 4148
8296 10702
8297 4149
8298 10703
8299 4150
8300 10704
8301 4151
8302 10705
8303 4152
8304 10706
8305 4153
8306 10707
8307 4154
8308 10708
8309 4155
8310 10709
8311 4156
8312 10710
8313 4157
8314 10711
8315 4158
8316 10712
8317 4159
8318 10713
8319 4160
8320 10714
8321 4161
8322 10715
8323 4162
8324 10716
8325 4163
8326 10717
8327 4164
8328 10718
8329 4165
8330 10719
8331 4166
8332 10720
8333 4167
8334 10721
8335 4168
8336 10722
8337 4169
8338 10723
8339 4170
8340 10724
8341 4171
8342 10725
8343 4172
8344 10726
8345 4173
8346 10727
8347 4174
8348 10728
8349 4175
8350 10729
8351 4176
8352 10730
8353 4177
8354 10731
8355 4178
8356 10732
8357 4179
8358 10733
8359 4180
8360 10734
8361 4181
8362 10735
8363 4182
8364 10736
8365 4183
8366 10737
8367 4184
8368 10738
8369 4185
8370 10739
8371 4186
8372 10740
8373 4187
8374 10741
8375 4188
8376 10742
8377 4189
8378 10743
8379 4190
8380 10744
8381 4191
8382 10745
8383 4192
8384 10746
8385 4193
8386 10747
8387 4194
8388 10748
8389 4195
8390 10749
8391 4196
8392 10750
8393 4197
8394 10751
8395 4198
8396 10752
8397 4199
8398 10753
8399 4200
8400 10754
8401 4201
8402 10755
8403 4202
8404 10756
8405 4203
8406 10757
8407 4204
8408 10758
8409 4205
8410 10759
8411 4206
8412 10760
8413 4207
8414 10761
8415 4208
8416 10762
8417 4209
8418 10763
8419 4210
8420 10764
8421 4211
8422 10765
8423 4212
8424 10766
8425 4213
8426 10767
8427 4214
8428 10768
8429 4215
8430 10769
8431 4216
8432 10770
8433 4217
8434 10771
8435 4218
8436 10772
8437 4219
8438 10773
8439 4220
8440 10774
8441 4221
8442 10775
8443 4222
8444 10776
8445 4223
8446 10777
8447 4224
8448 10778
8449 4225
8450 10779
8451 4226
8452 10780
8453 4227
8454 10781
8455 4228
8456 10782
8457 4229
8458 10783
8459 4230
8460 10784
8461 4231
8462 10785
8463 4232
8464 10786
8465 4233
8466 10787
8467 4234
8468 10788
8469 4235
8470 10789
8471 4236
8472 10790
8473 4237
8474 10791
8475 4238
8476 10792
8477 4239
8478 10793
8479 4240
8480 10794
8481 4241
8482 10795
8483 4242
8484 10796
8485 4243
8486 10797
8487 4244
8488 10798
8489 4245
8490 10799
8491 4246
8492 10800
8493 4247
8494 10801
8495 4248
8496 10802
8497 4249
8498 10803
8499 4250
8500 10804
8501 4251
8502 10805
8503 4252
8504 10806
8505 4253
8506 10807
8507 4254
8508 10808
8509 4255
8510 10809
8511 4256
8512 10810
8513 4257
8514 10811
8515 4258
8516 10812
8517 4259
8518 10813
8519 4260
8520 10814
8521 4261
8522 10815
8523 4262
8524 10816
8525 4263
8526 10817
8527 4264
8528 10818
8529 4265
8530 10819
8531 4266
8532 10820
8533 4267
8534 10821
8535 4268
8536 10822
8537 4269
8538 10823
8539 4270
8540 10824
8541 4271
8542 10825
8543 4272
8544 10826
8545 4273
8546 10827
8547 4274
8548 10828
8549 4275
8550 10829
8551 4276
8552 10830
8553 4277
8554 10831
8555 4278
8556 10832
8557 4279
8558 10833
8559 4280
8560 10834
8561 4281
8562 10835
8563 4282
8564 10836
8565 4283
8566 10837
8567 4284
8568 10838
8569 4285
8570 10839
8571 4286
8572 10840
8573 4287
8574 10841
8575 4288
8576 10842
8577 4289
8578 10843
8579 4290
8580 10844
8581 4291
8582 10845
8583 4292
8584 10846
8585 4293
8586 10847
8587 4294
8588 10848
8589 4295
8590 10849
8591 4296
8592 10850
8593 4297
8594 10851
8595 4298
8596 10852
8597 4299
8598 10853
8599 4300
8600 10854
8601 4301
8602 10855
8603 4302
8604 10856
8605 4303
8606 10857
8607 4304
8608 10858
8609 4305
8610 10859
8611 4306
8612 10860
8613 4307
8614 10861
8615 4308
8616 10862
8617 4309
8618 10863
8619 4310
8620 10864
8621 4311
8622 10865
8623 4312
8624 10866
8625 4313
8626 10867
8627 4314
8628 10868
8629 4315
8630 10869
8631 4316
8632 10870
8633 4317
8634 10871
8635 4318
8636 10872
8637 4319
8638 10873
8639 4320
8640 10874
8641 4321
8642 10875
8643 4322
8644 10876
8645 4323
8646 10877
8647 4324
8648 10878
8649 4325
8650 10879
8651 4326
8652 10880
8653 4327
8654 10881
8655 4328
8656 10882
8657 4329
8658 10883
8659 4330
8660 10884
8661 4331
8662 10885
8663 4332
8664 10886
8665 4333
8666 10887
8667 4334
8668 10888
8669 4335
8670 10889
8671 4336
8672 10890
8673 4337
8674 10891
8675 4338
8676 10892
8677 4339
8678 10893
8679 4340
8680 10894
8681 4341
8682 10895
8683 4342
8684 10896
8685 4343
8686 10897
8687 4344
8688 10898
8689 4345
8690 10899
8691 4346
8692 10900
8693 4347
8694 10901
8695 4348
8696 10902
8697 4349
8698 10903
8699 4350
8700 10904
8701 4351
8702 10905
8703 4352
8704 10906
8705 4353
8706 10907
8707 4354
8708 10908
8709 4355
8710 10909
8711 4356
8712 10910
8713 4357
8714 10911
8715 4358
8716 10912
8717 4359
8718 10913
8719 4360
8720 10914
8721 4361
8722 10915
8723 4362
8724 10916
8725 4363
8726 10917
8727 4364
8728 10918
8729 4365
8730 10919
8731 4366
8732 10920
8733 4367
8734 10921
8735 4368
8736 10922
8737 4369
8738 10923
8739 4370
8740 10924
8741 4371
8742 10925
8743 4372
8744 10926
8745 4373
8746 10927
8747 4374
8748 10928
8749 4375
8750 10929
8751 4376
8752 10930
8753 4377
8754 10931
8755 4378
8756 10932
8757 4379
8758 10933
8759 4380
8760 10934
8761 4381
8762 10935
8763 4382
8764 10936
8765 4383
8766 10937
8767 4384
8768 10938
8769 4385
8770 10939
8771 4386
8772 10940
8773 4387
8774 10941
8775 4388
8776 10942
8777 4389
8778 10943
8779 4390
8780 10944
8781 4391
8782 10945
8783 4392
8784 10946
8785 4393
8786 10947
8787 4394
8788 10948
8789 4395
8790 10949
8791 4396
8792 10950
8793 4397
8794 10951
8795 4398
8796 10952
8797 4399
8798 10953
8799 4400
8800 10954
8801 4401
8802 10955
8803 4402
8804 10956
8805 4403
8806 10957
8807 4404
8808 10958
8809 4405
8810 10959
8811 4406
8812 10960
8813 4407
8814 10961
8815 4408
8816 10962
8817 4409
8818 10963
8819 4410
8820 10964
8821 4411
8822 10965
8823 4412
8824 10966
8825 4413
8826 10967
8827 4414
8828 10968
8829 4415
8830 10969
8831 4416
8832 10970
8833 4417
8834 10971
8835 4418
8836 10972
8837 4419
8838 10973
8839 4420
8840 10974
8841 4421
8842 10975
8843 4422
8844 10976
8845 4423
8846 10977
8847 4424
8848 10978
8849 4425
8850 10979
8851 4426
8852 10980
8853 4427
8854 10981
8855 4428
8856 10982
8857 4429
8858 10983
8859 4430
8860 10984
8861 4431
8862 10985
8863 4432
8864 10986
8865 4433
8866 10987
8867 4434
8868 10988
8869 4435
8870 10989
8871 4436
8872 10990
8873 4437
8874 10991
8875 4438
8876 10992
8877 4439
8878 10993
8879 4440
8880 10994
8881 4441
8882 10995
8883 4442
8884 10996
8885 4443
8886 10997
8887 4444
8888 10998
8889 4445
8890 10999
8891 4446
8892 11000
8893 4447
8894 11001
8895 4448
8896 11002
8897 4449
8898 11003
8899 4450
8900 11004
8901 4451
8902 11005
8903 4452
8904 11006
8905 4453
8906 11007
8907 4454
8908 11008
8909 4455
8910 11009
8911 4456
8912 11010
8913 4457
8914 11011
8915 4458
8916 11012
8917 4459
8918 11013
8919 4460
8920 11014
8921 4461
8922 11015
8923 4462
8924 11016
8925 4463
8926 11017
8927 4464
8928 11018
8929 4465
8930 11019
8931 4466
8932 11020
8933 4467
8934 11021
8935 4468
8936 11022
8937 4469
8938 11023
8939 4470
8940 11024
8941 4471
8942 11025
8943 4472
8944 11026
8945 4473
8946 11027
8947 4474
8948 11028
8949 4475
8950 11029
8951 4476
8952 11030
8953 4477
8954 11031
8955 4478
8956 11032
8957 4479
8958 11033
8959 4480
8960 11034
8961 4481
8962 11035
8963 4482
8964 11036
8965 4483
8966 11037
8967 4484
8968 11038
8969 4485
8970 11039
8971 4486
8972 11040
8973 4487
8974 11041
8975 4488
8976 11042
8977 4489
8978 11043
8979 4490
8980 11044
8981 4491
8982 11045
8983 4492
8984 11046
8985 4493
8986 11047
8987 4494
8988 11048
8989 4495
8990 11049
8991 4496
8992 11050
8993 4497
8994 11051
8995 4498
8996 11052
8997 4499
8998 11053
8999 4500
9000 11054
9001 4501
9002 11055
9003 4502
9004 11056
9005 4503
9006 11057
9007 4504
9008 11058
9009 4505
9010 11059
9011 4506
9012 11060
9013 4507
9014 11061
9015 4508
9016 11062
9017 4509
9018 11063
9019 4510
9020 11064
9021 4511
9022 11065
9023 4512
9024 11066
9025 4513
9026 11067
9027 4514
9028 11068
9029 4515
9030 11069
9031 4516
9032 11070
9033 4517
9034 11071
9035 4518
9036 11072
9037 4519
9038 11073
9039 4520
9040 11074
9041 4521
9042 11075
9043 4522
9044 11076
9045 4523
9046 11077
9047 4524
9048 11078
9049 4525
9050 11079
9051 4526
9052 11080
9053 4527
9054 11081
9055 4528
9056 11082
9057 4529
9058 11083
9059 4530
9060 11084
9061 4531
9062 11085
9063 4532
9064 11086
9065 4533
9066 11087
9067 4534
9068 11088
9069 4535
9070 11089
9071 4536
9072 11090
9073 4537
9074 11091
9075 4538
9076 11092
9077 4539
9078 11093
9079 4540
9080 11094
9081 4541
9082 11095
9083 4542
9084 11096
9085 4543
9086 11097
9087 4544
9088 11098
9089 4545
9090 11099
9091 4546
9092 11100
9093 4547
9094 11101
9095 4548
9096 11102
9097 4549
9098 11103
9099 4550
9100 11104
9101 4551
9102 11105
9103 4552
9104 11106
9105 4553
9106 11107
9107 4554
9108 11108
9109 4555
9110 11109
9111 4556
9112 11110
9113 4557
9114 11111
9115 4558
9116 11112
9117 4559
9118 11113
9119 4560
9120 11114
9121 4561
9122 11115
9123 4562
9124 11116
9125 4563
9126 11117
9127 4564
9128 11118
9129 4565
9130 11119
9131 4566
9132 11120
9133 4567
9134 11121
9135 4568
9136 11122
9137 4569
9138 11123
9139 4570
9140 11124
9141 4571
9142 11125
9143 4572
9144 11126
9145 4573
9146 11127
9147 4574
9148 11128
9149 4575
9150 11129
9151 4576
9152 11130
9153 4577
9154 11131
9155 4578
9156 11132
9157 4579
9158 11133
9159 4580
9160 11134
9161 4581
9162 11135
9163 4582
9164 11136
9165 4583
9166 11137
9167 4584
9168 11138
9169 4585
9170 11139
9171 4586
9172 11140
9173 4587
9174 11141
9175 4588
9176 11142
9177 4589
9178 11143
9179 4590
9180 11144
9181 4591
9182 11145
9183 4592
9184 11146
9185 4593
9186 11147
9187 4594
9188 11148
9189 4595
9190 11149
9191 4596
9192 11150
9193 4597
9194 11151
9195 4598
9196 11152
9197 4599
9198 11153
9199 4600
9200 11154
9201 4601
9202 11155
9203 4602
9204 11156
9205 4603
9206 11157
9207 4604
9208 11158
9209 4605
9210 11159
9211 4606
9212 11160
9213 4607
9214 11161
9215 4608
9216 11162
9217 4609
9218 11163
9219 4610
9220 11164
9221 4611
9222 11165
9223 4612
9224 11166
9225 4613
9226 11167
9227 4614
9228 11168
9229 4615
9230 11169
9231 4616
9232 11170
9233 4617
9234 11171
9235 4618
9236 11172
9237 4619
9238 11173
9239 4620
9240 11174
9241 4621
9242 11175
9243 4622
9244 11176
9245 4623
9246 11177
9247 4624
9248 11178
9249 4625
9250 11179
9251 4626
9252 11180
9253 4627
9254 11181
9255 4628
9256 11182
9257 4629
9258 11183
9259 4630
9260 11184
9261 4631
9262 11185
9263 4632
9264 11186
9265 4633
9266 11187
9267 4634
9268 11188
9269 4635
9270 11189
9271 4636
9272 11190
9273 4637
9274 11191
9275 4638
9276 11192
9277 4639
9278 11193
9279 4640
9280 11194
9281 4641
9282 11195
9283 4642
9284 11196
9285 4643
9286 11197
9287 4644
9288 11198
9289 4645
9290 11199
9291 4646
9292 11200
9293 4647
9294 11201
9295 4648
9296 11202
9297 4649
9298 11203
9299 4650
9300 11204
9301 4651
9302 11205
9303 4652
9304 11206
9305 4653
9306 11207
9307 4654
9308 11208
9309 4655
9310 11209
9311 4656
9312 11210
9313 4657
9314 11211
9315 4658
9316 11212
9317 4659
9318 11213
9319 4660
9320 11214
9321 4661
9322 11215
9323 4662
9324 11216
9325 4663
9326 11217
9327 4664
9328 11218
9329 4665
9330 11219
9331 4666
9332 11220
9333 4667
9334 11221
9335 4668
9336 11222
9337 4669
9338 11223
9339 4670
9340 11224
9341 4671
9342 11225
9343 4672
9344 11226
9345 4673
9346 11227
9347 4674
9348 11228
9349 4675
9350 11229
9351 4676
9352 11230
9353 4677
9354 11231
9355 4678
9356 11232
9357 4679
9358 11233
9359 4680
9360 11234
9361 4681
9362 11235
9363 4682
9364 11236
9365 4683
9366 11237
9367 4684
9368 11238
9369 4685
9370 11239
9371 4686
9372 11240
9373 4687
9374 11241
9375 4688
9376 11242
9377 4689
9378 11243
9379 4690
9380 11244
9381 4691
9382 11245
9383 4692
9384 11246
9385 4693
9386 11247
9387 4694
9388 11248
9389 4695
9390 11249
9391 4696
9392 11250
9393 4697
9394 11251
9395 4698
9396 11252
9397 4699
9398 11253
9399 4700
9400 11254
9401 4701
9402 11255
9403 4702
9404 11256
9405 4703
9406 11257
9407 4704
9408 11258
9409 4705
9410 11259
9411 4706
9412 11260
9413 4707
9414 11261
9415 4708
9416 11262
9417 4709
9418 11263
9419 4710
9420 11264
9421 4711
9422 11265
9423 4712
9424 11266
9425 4713
9426 11267
9427 4714
9428 11268
9429 4715
9430 11269
9431 4716
9432 11270
9433 4717
9434 11271
9435 4718
9436 11272
9437 4719
9438 11273
9439 4720
9440 11274
9441 4721
9442 11275
9443 4722
9444 11276
9445 4723
9446 11277
9447 4724
9448 11278
9449 4725
9450 11279
9451 4726
9452 11280
9453 4727
9454 11281
9455 4728
9456 11282
9457 4729
9458 11283
9459 4730
9460 11284
9461 4731
9462 11285
9463 4732
9464 11286
9465 4733
9466 11287
9467 4734
9468 11288
9469 4735
9470 11289
9471 4736
9472 11290
9473 4737
9474 11291
9475 4738
9476 11292
9477 4739
9478 11293
9479 4740
9480 11294
9481 4741
9482 11295
9483 4742
9484 11296
9485 4743
9486 11297
9487 4744
9488 11298
9489 4745
9490 11299
9491 4746
9492 11300
9493 4747
9494 11301
9495 4748
9496 11302
9497 4749
9498 11303
9499 4750
9500 11304
9501 4751
9502 11305
9503 4752
9504 11306
9505 4753
9506 11307
9507 4754
9508 11308
9509 4755
9510 11309
9511 4756
9512 11310
9513 4757
9514 11311
9515 4758
9516 11312
9517 4759
9518 11313
9519 4760
9520 11314
9521 4761
9522 11315
9523 4762
9524 11316
9525 4763
9526 11317
9527 4764
9528 11318
9529 4765
9530 11319
9531 4766
9532 11320
9533 4767
9534 11321
9535 4768
9536 11322
9537 4769
9538 11323
9539 4770
9540 11324
9541 4771
9542 11325
9543 4772
9544 11326
9545 4773
9546 11327
9547 4774
9548 11328
9549 4775
9550 11329
9551 4776
9552 11330
9553 4777
9554 11331
9555 4778
9556 11332
9557 4779
9558 11333
9559 4780
9560 11334
9561 4781
9562 11335
9563 4782
9564 11336
9565 4783
9566 11337
9567 4784
9568 11338
9569 4785
9570 11339
9571 4786
9572 11340
9573 4787
9574 11341
9575 4788
9576 11342
9577 4789
9578 11343
9579 4790
9580 11344
9581 4791
9582 11345
9583 4792
9584 11346
9585 4793
9586 11347
9587 4794
9588 11348
9589 4795
9590 11349
9591 4796
9592 11350
9593 4797
9594 11351
9595 4798
9596 11352
9597 4799
9598 11353
9599 4800
9600 11354
9601 4801
9602 11355
9603 4802
9604 11356
9605 4803
9606 11357
9607 4804
9608 11358
9609 4805
9610 11359
9611 4806
9612 11360
9613 4807
9614 11361
9615 4808
9616 11362
9617 4809
9618 11363
9619 4810
9620 11364
9621 4811
9622 11365
9623 4812
9624 11366
9625 4813
9626 11367
9627 4814
9628 11368
9629 4815
9630 11369
9631 4816
9632 11370
9633 4817
9634 11371
9635 4818
9636 11372
9637 4819
9638 11373
9639 4820
9640 11374
9641 4821
9642 11375
9643 4822
9644 11376
9645 4823
9646 11377
9647 4824
9648 11378
9649 4825
9650 11379
9651 4826
9652 11380
9653 4827
9654 11381
9655 4828
9656 11382
9657 4829
9658 11383
9659 4830
9660 11384
9661 4831
9662 11385
9663 4832
9664 11386
9665 4833
9666 11387
9667 4834
9668 11388
9669 4835
9670 11389
9671 4836
9672 11390
9673 4837
9674 11391
9675 4838
9676 11392
9677 4839
9678 11393
9679 4840
9680 11394
9681 4841
9682 11395
9683 4842
9684 11396
9685 4843
9686 11397
9687 4844
9688 11398
9689 4845
9690 11399
9691 4846
9692 11400
9693 4847
9694 11401
9695 4848
9696 11402
9697 4849
9698 11403
9699 4850
9700 11404
9701 4851
9702 11405
9703 4852
9704 11406
9705 4853
9706 11407
9707 4854
9708 11408
9709 4855
9710 11409
9711 4856
9712 11410
9713 4857
9714 11411
9715 4858
9716 11412
9717 4859
9718 11413
9719 4860
9720 11414
9721 4861
9722 11415
9723 4862
9724 11416
9725 4863
9726 11417
9727 4864
9728 11418
9729 4865
9730 11419
9731 4866
9732 11420
9733 4867
9734 11421
9735 4868
9736 11422
9737 4869
9738 11423
9739 4870
9740 11424
9741 4871
9742 11425
9743 4872
9744 11426
9745 4873
9746 11427
9747 4874
9748 11428
9749 4875
9750 11429
9751 4876
9752 11430
9753 4877
9754 11431
9755 4878
9756 11432
9757 4879
9758 11433
9759 4880
9760 11434
9761 4881
9762 11435
9763 4882
9764 11436
9765 4883
9766 11437
9767 4884
9768 11438
9769 4885
9770 11439
9771 4886
9772 11440
9773 4887
9774 11441
9775 4888
9776 11442
9777 4889
9778 11443
9779 4890
9780 11444
9781 4891
9782 11445
9783 4892
9784 11446
9785 4893
9786 11447
9787 4894
9788 11448
9789 4895
9790 11449
9791 4896
9792 11450
9793 4897
9794 11451
9795 4898
9796 11452
9797 4899
9798 11453
9799 4900
9800 11454
9801 4901
9802 11455
9803 4902
9804 11456
9805 4903
9806 11457
9807 4904
9808 11458
9809 4905
9810 11459
9811 4906
9812 11460
9813 4907
9814 11461
9815 4908
9816 11462
9817 4909
9818 11463
9819 4910
9820 11464
9821 4911
9822 11465
9823 4912
9824 11466
9825 4913
9826 11467
9827 4914
9828 11468
9829 4915
9830 11469
9831 4916
9832 11470
9833 4917
9834 11471
9835 4918
9836 11472
9837 4919
9838 11473
9839 4920
9840 11474
9841 4921
9842 11475
9843 4922
9844 11476
9845 4923
9846 11477
9847 4924
9848 11478
9849 4925
9850 11479
9851 4926
9852 11480
9853 4927
9854 11481
9855 4928
9856 11482
9857 4929
9858 11483
9859 4930
9860 11484
9861 4931
9862 11485
9863 4932
9864 11486
9865 4933
9866 11487
9867 4934
9868 11488
9869 4935
9870 11489
9871 4936
9872 11490
9873 4937
9874 11491
9875 4938
9876 11492
9877 4939
9878 11493
9879 4940
9880 11494
9881 4941
9882 11495
9883 4942
9884 11496
9885 4943
9886 11497
9887 4944
9888 11498
9889 4945
9890 11499
9891 4946
9892 11500
9893 4947
9894 11501
9895 4948
9896 11502
9897 4949
9898 11503
9899 4950
9900 11504
9901 4951
9902 11505
9903 4952
9904 11506
9905 4953
9906 11507
9907 4954
9908 11508
9909 4955
9910 11509
9911 4956
9912 11510
9913 4957
9914 11511
9915 4958
9916 11512
9917 4959
9918 11513
9919 4960
9920 11514
9921 4961
9922 11515
9923 4962
9924 11516
9925 4963
9926 11517
9927 4964
9928 11518
9929 4965
9930 11519
9931 4966
9932 11520
9933 4967
9934 11521
9935 4968
9936 11522
9937 4969
9938 11523
9939 4970
9940 11524
9941 4971
9942 11525
9943 4972
9944 11526
9945 4973
9946 11527
9947 4974
9948 11528
9949 4975
9950 11529
9951 4976
9952 11530
9953 4977
9954 11531
9955 4978
9956 11532
9957 4979
9958 11533
9959 4980
9960 11534
9961 4981
9962 11535
9963 4982
9964 11536
9965 4983
9966 11537
9967 4984
9968 11538
9969 4985
9970 11539
9971 4986
9972 11540
9973 4987
9974 11541
9975 4988
9976 11542
9977 4989
9978 11543
9979 4990
9980 11544
9981 4991
9982 11545
9983 4992
9984 11546
9985 4993
9986 11547
9987 4994
9988 11548
9989 4995
9990 11549
9991 4996
9992 11550
9993 4997
9994 11551
9995 4998
9996 11552
9997 4999
9998 11553
9999 5000
10000 11554
10001 5001
10002 11555
10003 5002
10004 11556
10005 5003
10006 11557
10007 5004
10008 11558
10009 5005
10010 11559
10011 5006
10012 11560
10013 5007
10014 11561
10015 5008
10016 11562
10017 5009
10018 11563
10019 5010
10020 11564
10021 5011
10022 11565
10023 5012
10024 11566
10025 5013
10026 11567
10027 5014
10028 11568
10029 5015
10030 11569
10031 5016
10032 11570
10033 5017
10034 11571
10035 5018
10036 11572
10037 5019
10038 11573
10039 5020
10040 11574
10041 5021
10042 11575
10043 5022
10044 11576
10045 5023
10046 11577
10047 5024
10048 11578
10049 5025
10050 11579
10051 5026
10052 11580
10053 5027
10054 11581
10055 5028
10056 11582
10057 5029
10058 11583
10059 5030
10060 11584
10061 5031
10062 11585
10063 5032
10064 11586
10065 5033
10066 11587
10067 5034
10068 11588
10069 5035
10070 11589
10071 5036
10072 11590
10073 5037
10074 11591
10075 5038
10076 11592
10077 5039
10078 11593
10079 5040
10080 11594
10081 5041
10082 11595
10083 5042
10084 11596
10085 5043
10086 11597
10087 5044
10088 11598
10089 5045
10090 11599
10091 5046
10092 11600
10093 5047
10094 11601
10095 5048
10096 11602
10097 5049
10098 11603
10099 5050
10100 11604
10101 5051
10102 11605
10103 5052
10104 11606
10105 5053
10106 11607
10107 5054
10108 11608
10109 5055
10110 11609
10111 5056
10112 11610
10113 5057
10114 11611
10115 5058
10116 11612
10117 5059
10118 11613
10119 5060
10120 11614
10121 5061
10122 11615
10123 5062
10124 11616
10125 5063
10126 11617
10127 5064
10128 11618
10129 5065
10130 11619
10131 5066
10132 11620
10133 5067
10134 11621
10135 5068
10136 11622
10137 5069
10138 11623
10139 5070
10140 11624
10141 5071
10142 11625
10143 5072
10144 11626
10145 5073
10146 11627
10147 5074
10148 11628
10149 5075
10150 11629
10151 5076
10152 11630
10153 5077
10154 11631
10155 5078
10156 11632
10157 5079
10158 11633
10159 5080
10160 11634
10161 5081
10162 11635
10163 5082
10164 11636
10165 5083
10166 11637
10167 5084
10168 11638
10169 5085
10170 11639
10171 5086
10172 11640
10173 5087
10174 11641
10175 5088
10176 11642
10177 5089
10178 11643
10179 5090
10180 11644
10181 5091
10182 11645
10183 5092
10184 11646
10185 5093
10186 11647
10187 5094
10188 11648
10189 5095
10190 11649
10191 5096
10192 11650
10193 5097
10194 11651
10195 5098
10196 11652
10197 5099
10198 11653
10199 5100
10200 11654
10201 5101
10202 11655
10203 5102
10204 11656
10205 5103
10206 11657
10207 5104
10208 11658
10209 5105
10210 11659
10211 5106
10212 11660
10213 5107
10214 11661
10215 5108
10216 11662
10217 5109
10218 11663
10219 5110
10220 11664
10221 5111
10222 11665
10223 5112
10224 11666
10225 5113
10226 11667
10227 5114
10228 11668
10229 5115
10230 11669
10231 5116
10232 11670
10233 5117
10234 11671
10235 5118
10236 11672
10237 5119
10238 11673
10239 5120
10240 11674
10241 5121
10242 11675
10243 5122
10244 11676
10245 5123
10246 11677
10247 5124
10248 11678
10249 5125
10250 11679
10251 5126
10252 11680
10253 5127
10254 11681
10255 5128
10256 11682
10257 5129
10258 11683
10259 5130
10260 11684
10261 5131
10262 11685
10263 5132
10264 11686
10265 5133
10266 11687
10267 5134
10268 11688
10269 5135
10270 11689
10271 5136
10272 11690
10273 5137
10274 11691
10275 5138
10276 11692
10277 5139
10278 11693
10279 5140
10280 11694
10281 5141
10282 11695
10283 5142
10284 11696
10285 5143
10286 11697
10287 5144
10288 11698
10289 5145
10290 11699
10291 5146
10292 11700
10293 5147
10294 11701
10295 5148
10296 11702
10297 5149
10298 11703
10299 5150
10300 11704
10301 5151
10302 11705
10303 5152
10304 11706
10305 5153
10306 11707
10307 5154
10308 11708
10309 5155
10310 11709
10311 5156
10312 11710
10313 5157
10314 11711
10315 5158
10316 11712
10317 5159
10318 11713
10319 5160
10320 11714
10321 5161
10322 11715
10323 5162
10324 11716
10325 5163
10326 11717
10327 5164
10328 11718
10329 5165
10330 11719
10331 5166
10332 11720
10333 5167
10334 11721
10335 5168
10336 11722
10337 5169
10338 11723
10339 5170
10340 11724
10341 5171
10342 11725
10343 5172
10344 11726
10345 5173
10346 11727
10347 5174
10348 11728
10349 5175
10350 11729
10351 5176
10352 11730
10353 5177
10354 11731
10355 5178
10356 11732
10357 5179
10358 11733
10359 5180
10360 11734
10361 5181
10362 11735
10363 5182
10364 11736
10365 5183
10366 11737
10367 5184
10368 11738
10369 5185
10370 11739
10371 5186
10372 11740
10373 5187
10374 11741
10375 5188
10376 11742
10377 5189
10378 11743
10379 5190
10380 11744
10381 5191
10382 11745
10383 5192
10384 11746
10385 5193
10386 11747
10387 5194
10388 11748
10389 5195
10390 11749
10391 5196
10392 11750
10393 5197
10394 11751
10395 5198
10396 11752
10397 5199
10398 11753
10399 5200
10400 11754
10401 5201
10402 11755
10403 5202
10404 11756
10405 5203
10406 11757
10407 5204
10408 11758
10409 5205
10410 11759
10411 5206
10412 11760
10413 5207
10414 11761
10415 5208
10416 11762
10417 5209
10418 11763
10419 5210
10420 11764
10421 5211
10422 11765
10423 5212
10424 11766
10425 5213
10426 11767
10427 5214
10428 11768
10429 5215
10430 11769
10431 5216
10432 11770
10433 5217
10434 11771
10435 5218
10436 11772
10437 5219
10438 11773
10439 5220
10440 11774
10441 5221
10442 11775
10443 5222
10444 11776
10445 5223
10446 11777
10447 5224
10448 11778
10449 5225
10450 11779
10451 5226
10452 11780
10453 5227
10454 11781
10455 5228
10456 11782
10457 5229
10458 11783
10459 5230
10460 11784
10461 5231
10462 11785
10463 5232
10464 11786
10465 5233
10466 11787
10467 5234
10468 11788
10469 5235
10470 11789
10471 5236
10472 11790
10473 5237
10474 11791
10475 5238
10476 11792
10477 5239
10478 11793
10479 5240
10480 11794
10481 5241
10482 11795
10483 5242
10484 11796
10485 5243
10486 11797
10487 5244
10488 11798
10489 5245
10490 11799
10491 5246
10492 11800
10493 5247
10494 11801
10495 5248
10496 11802
10497 5249
10498 11803
10499 5250
10500 11804
10501 5251
10502 11805
10503 5252
10504 11806
10505 5253
10506 11807
10507 5254
10508 11808
10509 5255
10510 11809
10511 5256
10512 11810
10513 5257
10514 11811
10515 5258
10516 11812
10517 5259
10518 11813
10519 5260
10520 11814
10521 5261
10522 11815
10523 5262
10524 11816
10525 5263
10526 11817
10527 5264
10528 11818
10529 5265
10530 11819
10531 5266
10532 11820
10533 5267
10534 11821
10535 5268
10536 11822
10537 5269
10538 11823
10539 5270
10540 11824
10541 5271
10542 11825
10543 5272
10544 11826
10545 5273
10546 11827
10547 5274
10548 11828
10549 5275
10550 11829
10551 5276
10552 11830
10553 5277
10554 11831
10555 5278
10556 11832
10557 5279
10558 11833
10559 5280
10560 11834
10561 5281
10562 11835
10563 5282
10564 11836
10565 5283
10566 11837
10567 5284
10568 11838
10569 5285
10570 11839
10571 5286
10572 11840
10573 5287
10574 11841
10575 5288
10576 11842
10577 5289
10578 11843
10579 5290
10580 11844
10581 5291
10582 11845
10583 5292
10584 11846
10585 5293
10586 11847
10587 5294
10588 11848
10589 5295
10590 11849
10591 5296
10592 11850
10593 5297
10594 11851
10595 5298
10596 11852
10597 5299
10598 11853
10599 5300
10600 11854
10601 5301
10602 11855
10603 5302
10604 11856
10605 5303
10606 11857
10607 5304
10608 11858
10609 5305
10610 11859
10611 5306
10612 11860
10613 5307
10614 11861
10615 5308
10616 11862
10617 5309
10618 11863
10619 5310
10620 11864
10621 5311
10622 11865
10623 5312
10624 11866
10625 5313
10626 11867
10627 5314
10628 11868
10629 5315
10630 11869
10631 5316
10632 11870
10633 5317
10634 11871
10635 5318
10636 11872
10637 5319
10638 11873
10639 5320
10640 11874
10641 5321
10642 11875
10643 5322
10644 11876
10645 5323
10646 11877
10647 5324
10648 11878
10649 5325
10650 11879
10651 5326
10652 11880
10653 5327
10654 11881
10655 5328
10656 11882
10657 5329
10658 11883
10659 5330
10660 11884
10661 5331
10662 11885
10663 5332
10664 11886
10665 5333
10666 11887
10667 5334
10668 11888
10669 5335
10670 11889
10671 5336
10672 11890
10673 5337
10674 11891
10675 5338
10676 11892
10677 5339
10678 11893
10679 5340
10680 11894
10681 5341
10682 11895
10683 5342
10684 11896
10685 5343
10686 11897
10687 5344
10688 11898
10689 5345
10690 11899
10691 5346
10692 11900
10693 5347
10694 11901
10695 5348
10696 11902
10697 5349
10698 11903
10699 5350
10700 11904
10701 5351
10702 11905
10703 5352
10704 11906
10705 5353
10706 11907
10707 5354
10708 11908
10709 5355
10710 11909
10711 5356
10712 11910
10713 5357
10714 11911
10715 5358
10716 11912
10717 5359
10718 11913
10719 5360
10720 11914
10721 5361
10722 11915
10723 5362
10724 11916
10725 5363
10726 11917
10727 5364
10728 11918
10729 5365
10730 11919
10731 5366
10732 11920
10733 5367
10734 11921
10735 5368
10736 11922
10737 5369
10738 11923
10739 5370
10740 11924
10741 5371
10742 11925
10743 5372
10744 11926
10745 5373
10746 11927
10747 5374
10748 11928
10749 5375
10750 11929
10751 5376
10752 11930
10753 5377
10754 11931
10755 5378
10756 11932
10757 5379
10758 11933
10759 5380
10760 11934
10761 5381
10762 11935
10763 5382
10764 11936
10765 5383
10766 11937
10767 5384
10768 11938
10769 5385
10770 11939
10771 5386
10772 11940
10773 5387
10774 11941
10775 5388
10776 11942
10777 5389
10778 11943
10779 5390
10780 11944
10781 5391
10782 11945
10783 5392
10784 11946
10785 5393
10786 11947
10787 5394
10788 11948
10789 5395
10790 11949
10791 5396
10792 11950
10793 5397
10794 11951
10795 5398
10796 11952
10797 5399
10798 11953
10799 5400
10800 11954
10801 5401
10802 11955
10803 5402
10804 11956
10805 5403
10806 11957
10807 5404
10808 11958
10809 5405
10810 11959
10811 5406
10812 11960
10813 5407
10814 11961
10815 5408
10816 11962
10817 5409
10818 11963
10819 5410
10820 11964
10821 5411
10822 11965
10823 5412
10824 11966
10825 5413
10826 11967
10827 5414
10828 11968
10829 5415
10830 11969
10831 5416
10832 11970
10833 5417
10834 11971
10835 5418
10836 11972
10837 5419
10838 11973
10839 5420
10840 11974
10841 5421
10842 11975
10843 5422
10844 11976
10845 5423
10846 11977
10847 5424
10848 11978
10849 5425
10850 11979
10851 5426
10852 11980
10853 5427
10854 11981
10855 5428
10856 11982
10857 5429
10858 11983
10859 5430
10860 11984
10861 5431
10862 11985
10863 5432
10864 11986
10865 5433
10866 11987
10867 5434
10868 11988
10869 5435
10870 11989
10871 5436
10872 11990
10873 5437
10874 11991
10875 5438
10876 11992
10877 5439
10878 11993
10879 5440
10880 11994
10881 5441
10882 11995
10883 5442
10884 11996
10885 5443
10886 11997
10887 5444
10888 11998
10889 5445
10890 11999
10891 5446
10892 12000
10893 5447
10894 12001
10895 5448
10896 12002
10897 5449
10898 12003
10899 5450
10900 12004
10901 5451
10902 12005
10903 5452
10904 12006
10905 5453
10906 12007
10907 5454
10908 12008
10909 5455
10910 12009
10911 5456
10912 12010
10913 5457
10914 12011
10915 5458
10916 12012
10917 5459
10918 12013
10919 5460
10920 12014
10921 5461
10922 12015
10923 5462
10924 12016
10925 5463
10926 12017
10927 5464
10928 12018
10929 5465
10930 12019
10931 5466
10932 12020
10933 5467
10934 12021
10935 5468
10936 12022
10937 5469
10938 12023
10939 5470
10940 12024
10941 5471
10942 12025
10943 5472
10944 12026
10945 5473
10946 12027
10947 5474
10948 12028
10949 5475
10950 12029
10951 5476
10952 12030
10953 5477
10954 12031
10955 5478
10956 12032
10957 5479
10958 12033
10959 5480
10960 12034
10961 5481
10962 12035
10963 5482
10964 12036
10965 5483
10966 12037
10967 5484
10968 12038
10969 5485
10970 12039
10971 5486
10972 12040
10973 5487
10974 12041
10975 5488
10976 12042
10977 5489
10978 12043
10979 5490
10980 12044
10981 5491
10982 12045
10983 5492
10984 12046
10985 5493
10986 12047
10987 5494
10988 12048
10989 5495
10990 12049
10991 5496
10992 12050
10993 5497
10994 12051
10995 5498
10996 12052
10997 5499
10998 12053
10999 5500
11000 12054
11001 5501
11002 12055
11003 5502
11004 12056
11005 5503
11006 12057
11007 5504
11008 12058
11009 5505
11010 12059
11011 5506
11012 12060
11013 5507
11014 12061
11015 5508
11016 12062
11017 5509
11018 12063
11019 5510
11020 12064
11021 5511
11022 12065
11023 5512
11024 12066
11025 5513
11026 12067
11027 5514
11028 12068
11029 5515
11030 12069
11031 5516
11032 12070
11033 5517
11034 12071
11035 5518
11036 12072
11037 5519
11038 12073
11039 5520
11040 12074
11041 5521
11042 12075
11043 5522
11044 12076
11045 5523
11046 12077
11047 5524
11048 12078
11049 5525
11050 12079
11051 5526
11052 12080
11053 5527
11054 12081
11055 5528
11056 12082
11057 5529
11058 12083
11059 5530
11060 12084
11061 5531
11062 12085
11063 5532
11064 12086
11065 5533
11066 12087
11067 5534
11068 12088
11069 5535
11070 12089
11071 5536
11072 12090
11073 5537
11074 12091
11075 5538
11076 12092
11077 5539
11078 12093
11079 5540
11080 12094
11081 5541
11082 12095
11083 5542
11084 12096
11085 5543
11086 12097
11087 5544
11088 12098
11089 5545
11090 12099
11091 5546
11092 12100
11093 5547
11094 12101
11095 5548
11096 12102
11097 5549
11098 12103
11099 5550
11100 12104
11101 5551
11102 12105
11103 5552
11104 12106
11105 5553
11106 12107
11107 5554
11108 12108
11109 5555
11110 12109
11111 5556
11112 12110
11113 5557
11114 12111
11115 5558
11116 12112
11117 5559
11118 12113
11119 5560
11120 12114
11121 5561
11122 12115
11123 5562
11124 12116
11125 5563
11126 12117
11127 5564
11128 12118
11129 5565
11130 12119
11131 5566
11132 12120
11133 5567
11134 12121
11135 5568
11136 12122
11137 5569
11138 12123
11139 5570
11140 12124
11141 5571
11142 12125
11143 5572
11144 12126
11145 5573
11146 12127
11147 5574
11148 12128
11149 5575
11150 12129
11151 5576
11152 12130
11153 5577
11154 12131
11155 5578
11156 12132
11157 5579
11158 12133
11159 5580
11160 12134
11161 5581
11162 12135
11163 5582
11164 12136
11165 5583
11166 12137
11167 5584
11168 12138
11169 5585
11170 12139
11171 5586
11172 12140
11173 5587
11174 12141
11175 5588
11176 12142
11177 5589
11178 12143
11179 5590
11180 12144
11181 5591
11182 12145
11183 5592
11184 12146
11185 5593
11186 12147
11187 5594
11188 12148
11189 5595
11190 12149
11191 5596
11192 12150
11193 5597
11194 12151
11195 5598
11196 12152
11197 5599
11198 12153
11199 5600
11200 12154
11201 5601
11202 12155
11203 5602
11204 12156
11205 5603
11206 12157
11207 5604
11208 12158
11209 5605
11210 12159
11211 5606
11212 12160
11213 5607
11214 12161
11215 5608
11216 12162
11217 5609
11218 12163
11219 5610
11220 12164
11221 5611
11222 12165
11223 5612
11224 12166
11225 5613
11226 12167
11227 5614
11228 12168
11229 5615
11230 12169
11231 5616
11232 12170
11233 5617
11234 12171
11235 5618
11236 12172
11237 5619
11238 12173
11239 5620
11240 12174
11241 5621
11242 12175
11243 5622
11244 12176
11245 5623
11246 12177
11247 5624
11248 12178
11249 5625
11250 12179
11251 5626
11252 12180
11253 5627
11254 12181
11255 5628
11256 12182
11257 5629
11258 12183
11259 5630
11260 12184
11261 5631
11262 12185
11263 5632
11264 12186
11265 5633
11266 12187
11267 5634
11268 12188
11269 5635
11270 12189
11271 5636
11272 12190
11273 5637
11274 12191
11275 5638
11276 12192
11277 5639
11278 12193
11279 5640
11280 12194
11281 5641
11282 12195
11283 5642
11284 12196
11285 5643
11286 12197
11287 5644
11288 12198
11289 5645
11290 12199
11291 5646
11292 12200
11293 5647
11294 12201
11295 5648
11296 12202
11297 5649
11298 12203
11299 5650
11300 12204
11301 5651
11302 12205
11303 5652
11304 12206
11305 5653
11306 12207
11307 5654
11308 12208
11309 5655
11310 12209
11311 5656
11312 12210
11313 5657
11314 12211
11315 5658
11316 12212
11317 5659
11318 12213
11319 5660
11320 12214
11321 5661
11322 12215
11323 5662
11324 12216
11325 5663
11326 12217
11327 5664
11328 12218
11329 5665
11330 12219
11331 5666
11332 12220
11333 5667
11334 12221
11335 5668
11336 12222
11337 5669
11338 12223
11339 5670
11340 12224
11341 5671
11342 12225
11343 5672
11344 12226
11345 5673
11346 12227
11347 5674
11348 12228
11349 5675
11350 12229
11351 5676
11352 12230
11353 5677
11354 12231
11355 5678
11356 12232
11357 5679
11358 12233
11359 5680
11360 12234
11361 5681
11362 12235
11363 5682
11364 12236
11365 5683
11366 12237
11367 5684
11368 12238
11369 5685
11370 12239
11371 5686
11372 12240
11373 5687
11374 12241
11375 5688
11376 12242
11377 5689
11378 12243
11379 5690
11380 12244
11381 5691
11382 12245
11383 5692
11384 12246
11385 5693
11386 12247
11387 5694
11388 12248
11389 5695
11390 12249
11391 5696
11392 12250
11393 5697
11394 12251
11395 5698
11396 12252
11397 5699
11398 12253
11399 5700
11400 12254
11401 5701
11402 12255
11403 5702
11404 12256
11405 5703
11406 12257
11407 5704
11408 12258
11409 5705
11410 12259
11411 5706
11412 12260
11413 5707
11414 12261
11415 5708
11416 12262
11417 5709
11418 12263
11419 5710
11420 12264
11421 5711
11422 12265
11423 5712
11424 12266
11425 5713
11426 12267
11427 5714
11428 12268
11429 5715
11430 12269
11431 5716
11432 12270
11433 5717
11434 12271
11435 5718
11436 12272
11437 5719
11438 12273
11439 5720
11440 12274
11441 5721
11442 12275
11443 5722
11444 12276
11445 5723
11446 12277
11447 5724
11448 12278
11449 5725
11450 12279
11451 5726
11452 12280
11453 5727
11454 12281
11455 5728
11456 12282
11457 5729
11458 12283
11459 5730
11460 12284
11461 5731
11462 12285
11463 5732
11464 12286
11465 5733
11466 12287
11467 5734
11468 12288
11469 5735
11470 12289
11471 5736
11472 12290
11473 5737
11474 12291
11475 5738
11476 12292
11477 5739
11478 12293
11479 5740
11480 12294
11481 5741
11482 12295
11483 5742
11484 12296
11485 5743
11486 12297
11487 5744
11488 12298
11489 5745
11490 12299
11491 5746
11492 12300
11493 5747
11494 12301
11495 5748
11496 12302
11497 5749
11498 12303
11499 5750
11500 12304
11501 5751
11502 12305
11503 5752
11504 12306
11505 5753
11506 12307
11507 5754
11508 12308
11509 5755
11510 12309
11511 5756
11512 12310
11513 5757
11514 12311
11515 5758
11516 12312
11517 5759
11518 12313
11519 5760
11520 12314
11521 5761
11522 12315
11523 5762
11524 12316
11525 5763
11526 12317
11527 5764
11528 12318
11529 5765
11530 12319
11531 5766
11532 12320
11533 5767
11534 12321
11535 5768
11536 12322
11537 5769
11538 12323
11539 5770
11540 12324
11541 5771
11542 12325
11543 5772
11544 12326
11545 5773
11546 12327
11547 5774
11548 12328
11549 5775
11550 12329
11551 5776
11552 12330
11553 5777
11554 12331
11555 5778
11556 12332
11557 5779
11558 12333
11559 5780
11560 12334
11561 5781
11562 12335
11563 5782
11564 12336
11565 5783
11566 12337
11567 5784
11568 12338
11569 5785
11570 12339
11571 5786
11572 12340
11573 5787
11574 12341
11575 5788
11576 12342
11577 5789
11578 12343
11579 5790
11580 12344
11581 5791
11582 12345
11583 5792
11584 12346
11585 5793
11586 12347
11587 5794
11588 12348
11589 5795
11590 12349
11591 5796
11592 12350
11593 5797
11594 12351
11595 5798
11596 12352
11597 5799
11598 12353
11599 5800
11600 12354
11601 5801
11602 12355
11603 5802
11604 12356
11605 5803
11606 12357
11607 5804
11608 12358
11609 5805
11610 12359
11611 5806
11612 12360
11613 5807
11614 12361
11615 5808
11616 12362
11617 5809
11618 12363
11619 5810
11620 12364
11621 5811
11622 12365
11623 5812
11624 12366
11625 5813
11626 12367
11627 5814
11628 12368
11629 5815
11630 12369
11631 5816
11632 12370
11633 5817
11634 12371
11635 5818
11636 12372
11637 5819
11638 12373
11639 5820
11640 12374
11641 5821
11642 12375
11643 5822
11644 12376
11645 5823
11646 12377
11647 5824
11648 12378
11649 5825
11650 12379
11651 5826
11652 12380
11653 5827
11654 12381
11655 5828
11656 12382
11657 5829
11658 12383
11659 5830
11660 12384
11661 5831
11662 12385
11663 5832
11664 12386
11665 5833
11666 12387
11667 5834
11668 12388
11669 5835
11670 12389
11671 5836
11672 12390
11673 5837
11674 12391
11675 5838
11676 12392
11677 5839
11678 12393
11679 5840
11680 12394
11681 5841
11682 12395
11683 5842
11684 12396
11685 5843
11686 12397
11687 5844
11688 12398
11689 5845
11690 12399
11691 5846
11692 12400
11693 5847
11694 12401
11695 5848
11696 12402
11697 5849
11698 12403
11699 5850
11700 12404
11701 5851
11702 12405
11703 5852
11704 12406
11705 5853
11706 12407
11707 5854
11708 12408
11709 5855
11710 12409
11711 5856
11712 12410
11713 5857
11714 12411
11715 5858
11716 12412
11717 5859
11718 12413
11719 5860
11720 12414
11721 5861
11722 12415
11723 5862
11724 12416
11725 5863
11726 12417
11727 5864
11728 12418
11729 5865
11730 12419
11731 5866
11732 12420
11733 5867
11734 12421
11735 5868
11736 12422
11737 5869
11738 12423
11739 5870
11740 12424
11741 5871
11742 12425
11743 5872
11744 12426
11745 5873
11746 12427
11747 5874
11748 12428
11749 5875
11750 12429
11751 5876
11752 12430
11753 5877
11754 12431
11755 5878
11756 12432
11757 5879
11758 12433
11759 5880
11760 12434
11761 5881
11762 12435
11763 5882
11764 12436
11765 5883
11766 12437
11767 5884
11768 12438
11769 5885
11770 12439
11771 5886
11772 12440
11773 5887
11774 12441
11775 5888
11776 12442
11777 5889
11778 12443
11779 5890
11780 12444
11781 5891
11782 12445
11783 5892
11784 12446
11785 5893
11786 12447
11787 5894
11788 12448
11789 5895
11790 12449
11791 5896
11792 12450
11793 5897
11794 12451
11795 5898
11796 12452
11797 5899
11798 12453
11799 5900
11800 12454
11801 5901
11802 12455
11803 5902
11804 12456
11805 5903
11806 12457
11807 5904
11808 12458
11809 5905
11810 12459
11811 5906
11812 12460
11813 5907
11814 12461
11815 5908
11816 12462
11817 5909
11818 12463
11819 5910
11820 12464
11821 5911
11822 12465
11823 5912
11824 12466
11825 5913
11826 12467
11827 5914
11828 12468
11829 5915
11830 12469
11831 5916
11832 12470
11833 5917
11834 12471
11835 5918
11836 12472
11837 5919
11838 12473
11839 5920
11840 12474
11841 5921
11842 12475
11843 5922
11844 12476
11845 5923
11846 12477
11847 5924
11848 12478
11849 5925
11850 12479
11851 5926
11852 12480
11853 5927
11854 12481
11855 5928
11856 12482
11857 5929
11858 12483
11859 5930
11860 12484
11861 5931
11862 12485
11863 5932
11864 12486
11865 5933
11866 12487
11867 5934
11868 12488
11869 5935
11870 12489
11871 5936
11872 12490
11873 5937
11874 12491
11875 5938
11876 12492
11877 5939
11878 12493
11879 5940
11880 12494
11881 5941
11882 12495
11883 5942
11884 12496
11885 5943
11886 12497
11887 5944
11888 12498
11889 5945
11890 12499
11891 5946
11892 12500
11893 5947
11894 12501
11895 5948
11896 12502
11897 5949
11898 12503
11899 5950
11900 12504
11901 5951
11902 12505
11903 5952
11904 12506
11905 5953
11906 12507
11907 5954
11908 12508
11909 5955
11910 12509
11911 5956
11912 12510
11913 5957
11914 12511
11915 5958
11916 12512
11917 5959
11918 12513
11919 5960
11920 12514
11921 5961
11922 12515
11923 5962
11924 12516
11925 5963
11926 12517
11927 5964
11928 12518
11929 5965
11930 12519
11931 5966
11932 12520
11933 5967
11934 12521
11935 5968
11936 12522
11937 5969
11938 12523
11939 5970
11940 12524
11941 5971
11942 12525
11943 5972
11944 12526
11945 5973
11946 12527
11947 5974
11948 12528
11949 5975
11950 12529
11951 5976
11952 12530
11953 5977
11954 12531
11955 5978
11956 12532
11957 5979
11958 12533
11959 5980
11960 12534
11961 5981
11962 12535
11963 5982
11964 12536
11965 5983
11966 12537
11967 5984
11968 12538
11969 5985
11970 12539
11971 5986
11972 12540
11973 5987
11974 12541
11975 5988
11976 12542
11977 5989
11978 12543
11979 5990
11980 12544
11981 5991
11982 12545
11983 5992
11984 12546
11985 5993
11986 12547
11987 5994
11988 12548
11989 5995
11990 12549
11991 5996
11992 12550
11993 5997
11994 12551
11995 5998
11996 12552
11997 5999
11998 12553
11999 6000
12000 12554
12001 6001
12002 12555
12003 6002
12004 12556
12005 6003
12006 12557
12007 6004
12008 12558
12009 6005
12010 12559
12011 6006
12012 12560
12013 6007
12014 12561
12015 6008
12016 12562
12017 6009
12018 12563
12019 6010
12020 12564
12021 6011
12022 12565
12023 6012
12024 12566
12025 6013
12026 12567
12027 6014
12028 12568
12029 6015
12030 12569
12031 6016
12032 12570
12033 6017
12034 12571
12035 6018
12036 12572
12037 6019
12038 12573
12039 6020
12040 12574
12041 6021
12042 12575
12043 6022
12044 12576
12045 6023
12046 12577
12047 6024
12048 12578
12049 6025
12050 12579
12051 6026
12052 12580
12053 6027
12054 12581
12055 6028
12056 12582
12057 6029
12058 12583
12059 6030
12060 12584
12061 6031
12062 12585
12063 6032
12064 12586
12065 6033
12066 12587
12067 6034
12068 12588
12069 6035
12070 12589
12071 6036
12072 12590
12073 6037
12074 12591
12075 6038
12076 12592
12077 6039
12078 12593
12079 6040
12080 12594
12081 6041
12082 12595
12083 6042
12084 12596
12085 6043
12086 12597
12087 6044
12088 12598
12089 6045
12090 12599
12091 6046
12092 12600
12093 6047
12094 12601
12095 6048
12096 12602
12097 6049
12098 12603
12099 6050
12100 12604
12101 6051
12102 12605
12103 6052
12104 12606
12105 6053
12106 12607
12107 6054
12108 12608
12109 6055
12110 12609
12111 6056
12112 12610
12113 6057
12114 12611
12115 6058
12116 12612
12117 6059
12118 12613
12119 6060
12120 12614
12121 6061
12122 12615
12123 6062
12124 12616
12125 6063
12126 12617
12127 6064
12128 12618
12129 6065
12130 12619
12131 6066
12132 12620
12133 6067
12134 12621
12135 6068
12136 12622
12137 6069
12138 12623
12139 6070
12140 12624
12141 6071
12142 12625
12143 6072
12144 12626
12145 6073
12146 12627
12147 6074
12148 12628
12149 6075
12150 12629
12151 6076
12152 12630
12153 6077
12154 12631
12155 6078
12156 12632
12157 6079
12158 12633
12159 6080
12160 12634
12161 6081
12162 12635
12163 6082
12164 12636
12165 6083
12166 12637
12167 6084
12168 12638
12169 6085
12170 12639
12171 6086
12172 12640
12173 6087
12174 12641
12175 6088
12176 12642
12177 6089
12178 12643
12179 6090
12180 12644
12181 6091
12182 12645
12183 6092
12184 12646
12185 6093
12186 12647
12187 6094
12188 12648
12189 6095
12190 12649
12191 6096
12192 12650
12193 6097
12194 12651
12195 6098
12196 12652
12197 6099
12198 12653
12199 6100
12200 12654
12201 6101
12202 12655
12203 6102
12204 12656
12205 6103
12206 12657
12207 6104
12208 12658
12209 6105
12210 12659
12211 6106
12212 12660
12213 6107
12214 12661
12215 6108
12216 12662
12217 6109
12218 12663
12219 6110
12220 12664
12221 6111
12222 12665
12223 6112
12224 12666
12225 6113
12226 12667
12227 6114
12228 12668
12229 6115
12230 12669
12231 6116
12232 12670
12233 6117
12234 12671
12235 6118
12236 12672
12237 6119
12238 12673
12239 6120
12240 12674
12241 6121
12242 12675
12243 6122
12244 12676
12245 6123
12246 12677
12247 6124
12248 12678
12249 6125
12250 12679
12251 6126
12252 12680
12253 6127
12254 12681
12255 6128
12256 12682
12257 6129
12258 12683
12259 6130
12260 12684
12261 6131
12262 12685
12263 6132
12264 12686
12265 6133
12266 12687
12267 6134
12268 12688
12269 6135
12270 12689
12271 6136
12272 12690
12273 6137
12274 12691
12275 6138
12276 12692
12277 6139
12278 12693
12279 6140
12280 12694
12281 6141
12282 12695
12283 6142
12284 12696
12285 6143
12286 12697
12287 6144
12288 12698
12289 6145
12290 12699
12291 6146
12292 12700
12293 6147
12294 12701
12295 6148
12296 12702
12297 6149
12298 12703
12299 6150
12300 12704
12301 6151
12302 12705
12303 6152
12304 12706
12305 6153
12306 12707
12307 6154
12308 12708
12309 6155
12310 12709
12311 6156
12312 12710
12313 6157
12314 12711
12315 6158
12316 12712
12317 6159
12318 12713
12319 6160
12320 12714
12321 6161
12322 12715
12323 6162
12324 12716
12325 6163
12326 12717
12327 6164
12328 12718
12329 6165
12330 12719
12331 6166
12332 12720
12333 6167
12334 12721
12335 6168
12336 12722
12337 6169
12338 12723
12339 6170
12340 12724
12341 6171
12342 12725
12343 6172
12344 12726
12345 6173
12346 12727
12347 6174
12348 12728
12349 6175
12350 12729
12351 6176
12352 12730
12353 6177
12354 12731
12355 6178
12356 12732
12357 6179
12358 12733
12359 6180
12360 12734
12361 6181
12362 12735
12363 6182
12364 12736
12365 6183
12366 12737
12367 6184
12368 12738
12369 6185
12370 12739
12371 6186
12372 12740
12373 6187
12374 12741
12375 6188
12376 12742
12377 6189
12378 12743
12379 6190
12380 12744
12381 6191
12382 12745
12383 6192
12384 12746
12385 6193
12386 12747
12387 6194
12388 12748
12389 6195
12390 12749
12391 6196
12392 12750
12393 6197
12394 12751
12395 6198
12396 12752
12397 6199
12398 12753
12399 6200
12400 12754
12401 6201
12402 12755
12403 6202
12404 12756
12405 6203
12406 12757
12407 6204
12408 12758
12409 6205
12410 12759
12411 6206
12412 12760
12413 6207
12414 12761
12415 6208
12416 12762
12417 6209
12418 12763
12419 6210
12420 12764
12421 6211
12422 12765
12423 6212
12424 12766
12425 6213
12426 12767
12427 6214
12428 12768
12429 6215
12430 12769
12431 6216
12432 12770
12433 6217
12434 12771
12435 6218
12436 12772
12437 6219
12438 12773
12439 6220
12440 12774
12441 6221
12442 12775
12443 6222
12444 12776
12445 6223
12446 12777
12447 6224
12448 12778
12449 6225
12450 12779
12451 6226
12452 12780
12453 6227
12454 12781
12455 6228
12456 12782
12457 6229
12458 12783
12459 6230
12460 12784
12461 6231
12462 12785
12463 6232
12464 12786
12465 6233
12466 12787
12467 6234
12468 12788
12469 6235
12470 12789
12471 6236
12472 12790
12473 6237
12474 12791
12475 6238
12476 12792
12477 6239
12478 12793
12479 6240
12480 12794
12481 6241
12482 12795
12483 6242
12484 12796
12485 6243
12486 12797
12487 6244
12488 12798
12489 6245
12490 12799
12491 6246
12492 12800
12493 6247
12494 12801
12495 6248
12496 12802
12497 6249
12498 12803
12499 6250
12500 12804
12501 6251
12502 12805
12503 6252
12504 12806
12505 6253
12506 12807
12507 6254
12508 12808
12509 6255
12510 12809
12511 6256
12512 12810
12513 6257
12514 12811
12515 6258
12516 12812
12517 6259
12518 12813
12519 6260
12520 12814
12521 6261
12522 12815
12523 6262
12524 12816
12525 6263
12526 12817
12527 6264
12528 12818
12529 6265
12530 12819
12531 6266
12532 12820
12533 6267
12534 12821
12535 6268
12536 12822
12537 6269
12538 12823
12539 6270
12540 12824
12541 6271
12542 12825
12543 6272
12544 12826
12545 6273
12546 12827
12547 6274
12548 12828
12549 6275
12550 12829
12551 6276
12552 12830
12553 6277
12554 12831
12555 6278
12556 12832
12557 6279
12558 12833
12559 6280
12560 12834
12561 6281
12562 12835
12563 6282
12564 12836
12565 6283
12566 12837
12567 6284
12568 12838
12569 6285
12570 12839
12571 6286
12572 12840
12573 6287
12574 12841
12575 6288
12576 12842
12577 6289
12578 12843
12579 6290
12580 12844
12581 6291
12582 12845
12583 6292
12584 12846
12585 6293
12586 12847
12587 6294
12588 12848
12589 6295
12590 12849
12591 6296
12592 12850
12593 6297
12594 12851
12595 6298
12596 12852
12597 6299
12598 12853
12599 6300
12600 12854
12601 6301
12602 12855
12603 6302
12604 12856
12605 6303
12606 12857
12607 6304
12608 12858
12609 6305
12610 12859
12611 6306
12612 12860
12613 6307
12614 12861
12615 6308
12616 12862
12617 6309
12618 12863
12619 6310
12620 12864
12621 6311
12622 12865
12623 6312
12624 12866
12625 6313
12626 12867
12627 6314
12628 12868
12629 6315
12630 12869
12631 6316
12632 12870
12633 6317
12634 12871
12635 6318
12636 12872
12637 6319
12638 12873
12639 6320
12640 12874
12641 6321
12642 12875
12643 6322
12644 12876
12645 6323
12646 12877
12647 6324
12648 12878
12649 6325
12650 12879
12651 6326
12652 12880
12653 6327
12654 12881
12655 6328
12656 12882
12657 6329
12658 12883
12659 6330
12660 12884
12661 6331
12662 12885
12663 6332
12664 12886
12665 6333
12666 12887
12667 6334
12668 12888
12669 6335
12670 12889
12671 6336
12672 12890
12673 6337
12674 12891
12675 6338
12676 12892
12677 6339
12678 12893
12679 6340
12680 12894
12681 6341
12682 12895
12683 6342
12684 12896
12685 6343
12686 12897
12687 6344
12688 12898
12689 6345
12690 12899
12691 6346
12692 12900
12693 6347
12694 12901
12695 6348
12696 12902
12697 6349
12698 12903
12699 6350
12700 12904
12701 6351
12702 12905
12703 6352
12704 12906
12705 6353
12706 12907
12707 6354
12708 12908
12709 6355
12710 12909
12711 6356
12712 12910
12713 6357
12714 12911
12715 6358
12716 12912
12717 6359
12718 12913
12719 6360
12720 12914
12721 6361
12722 12915
12723 6362
12724 12916
12725 6363
12726 12917
12727 6364
12728 12918
12729 6365
12730 12919
12731 6366
12732 12920
12733 6367
12734 12921
12735 6368
12736 12922
12737 6369
12738 12923
12739 6370
12740 12924
12741 6371
12742 12925
12743 6372
12744 12926
12745 6373
12746 12927
12747 6374
12748 12928
12749 6375
12750 12929
12751 6376
12752 12930
12753 6377
12754 12931
12755 6378
12756 12932
12757 6379
12758 12933
12759 6380
12760 12934
12761 6381
12762 12935
12763 6382
12764 12936
12765 6383
12766 12937
12767 6384
12768 12938
12769 6385
12770 12939
12771 6386
12772 12940
12773 6387
12774 12941
12775 6388
12776 12942
12777 6389
12778 12943
12779 6390
12780 12944
12781 6391
12782 12945
12783 6392
12784 12946
12785 6393
12786 12947
12787 6394
12788 12948
12789 6395
12790 12949
12791 6396
12792 12950
12793 6397
12794 12951
12795 6398
12796 12952
12797 6399
12798 12953
12799 6400
12800 12954
12801 6401
12802 12955
12803 6402
12804 12956
12805 6403
12806 12957
12807 6404
12808 12958
12809 6405
12810 12959
12811 6406
12812 12960
12813 6407
12814 12961
12815 6408
12816 12962
12817 6409
12818 12963
12819 6410
12820 12964
12821 6411
12822 12965
12823 6412
12824 12966
12825 6413
12826 12967
12827 6414
12828 12968
12829 6415
12830 12969
12831 6416
12832 12970
12833 6417
12834 12971
12835 6418
12836 12972
12837 6419
12838 12973
12839 6420
12840 12974
12841 6421
12842 12975
12843 6422
12844 12976
12845 6423
12846 12977
12847 6424
12848 12978
12849 6425
12850 12979
12851 6426
12852 12980
12853 6427
12854 12981
12855 6428
12856 12982
12857 6429
12858 12983
12859 6430
12860 12984
12861 6431
12862 12985
12863 6432
12864 12986
12865 6433
12866 12987
12867 6434
12868 12988
12869 6435
12870 12989
12871 6436
12872 12990
12873 6437
12874 12991
12875 6438
12876 12992
12877 6439
12878 12993
12879 6440
12880 12994
12881 6441
12882 12995
12883 6442
12884 12996
12885 6443
12886 12997
12887 6444
12888 12998
12889 6445
12890 12999
12891 6446
12892 13000
12893 6447
12894 13001
12895 6448
12896 13002
12897 6449
12898 13003
12899 6450
12900 13004
12901 6451
12902 13005
12903 6452
12904 13006
12905 6453
12906 13007
12907 6454
12908 13008
12909 6455
12910 13009
12911 6456
12912 13010
12913 6457
12914 13011
12915 6458
12916 13012
12917 6459
12918 13013
12919 6460
12920 13014
12921 6461
12922 13015
12923 6462
12924 13016
12925 6463
12926 13017
12927 6464
12928 13018
12929 6465
12930 13019
12931 6466
12932 13020
12933 6467
12934 13021
12935 6468
12936 13022
12937 6469
12938 13023
12939 6470
12940 13024
12941 6471
12942 13025
12943 6472
12944 13026
12945 6473
12946 13027
12947 6474
12948 13028
12949 6475
12950 13029
12951 6476
12952 13030
12953 6477
12954 13031
12955 6478
12956 13032
12957 6479
12958 13033
12959 6480
12960 13034
12961 6481
12962 13035
12963 6482
12964 13036
12965 6483
12966 13037
12967 6484
12968 13038
12969 6485
12970 13039
12971 6486
12972 13040
12973 6487
12974 13041
12975 6488
12976 13042
12977 6489
12978 13043
12979 6490
12980 13044
12981 6491
12982 13045
12983 6492
12984 13046
12985 6493
12986 13047
12987 6494
12988 13048
12989 6495
12990 13049
12991 6496
12992 13050
12993 6497
12994 13051
12995 6498
12996 13052
12997 6499
12998 13053
12999 6500
13000 13054
13001 6501
13002 13055
13003 6502
13004 13056
13005 6503
13006 13057
13007 6504
13008 13058
13009 6505
13010 13059
13011 6506
13012 13060
13013 6507
13014 13061
13015 6508
13016 13062
13017 6509
13018 13063
13019 6510
13020 13064
13021 6511
13022 13065
13023 6512
13024 13066
13025 6513
13026 13067
13027 6514
13028 13068
13029 6515
13030 13069
13031 6516
13032 13070
13033 6517
13034 13071
13035 6518
13036 13072
13037 6519
13038 13073
13039 6520
13040 13074
13041 6521
13042 13075
13043 6522
13044 13076
13045 6523
13046 13077
13047 6524
13048 13078
13049 6525
13050 13079
13051 6526
13052 13080
13053 6527
13054 13081
13055 6528
13056 13082
13057 6529
13058 13083
13059 6530
13060 13084
13061 6531
13062 13085
13063 6532
13064 13086
13065 6533
13066 13087
13067 6534
13068 13088
13069 6535
13070 13089
13071 6536
13072 13090
13073 6537
13074 13091
13075 6538
13076 13092
13077 6539
13078 13093
13079 6540
13080 13094
13081 6541
13082 13095
13083 6542
13084 13096
13085 6543
13086 13097
13087 6544
13088 13098
13089 6545
13090 13099
13091 6546
13092 13100
13093 6547
13094 13101
13095 6548
13096 13102
13097 6549
13098 13103
13099 6550
13100 13104
13101 6551
13102 13105
13103 6552
13104 13106
13105 6553
13106 13107
13107 6554
