%%MatrixMarket matrix coordinate pattern general
% Label: (1)
13107 13107 13107
1 6554
2 1
3 6555
4 2
5 6556
6 3
7 6557
8 4
9 6558
10 5
11 6559
12 6
13 6560
14 7
15 6561
16 8
17 6562
18 9
19 6563
20 10
21 6564
22 11
23 6565
24 12
25 6566
26 13
27 6567
28 14
29 6568
30 15
31 6569
32 16
33 6570
34 17
35 6571
36 18
37 6572
38 19
39 6573
40 20
41 6574
42 21
43 6575
44 22
45 6576
46 23
47 6577
48 24
49 6578
50 25
51 6579
52 26
53 6580
54 27
55 6581
56 28
57 6582
58 29
59 6583
60 30
61 6584
62 31
63 6585
64 32
65 6586
66 33
67 6587
68 34
69 6588
70 35
71 6589
72 36
73 6590
74 37
75 6591
76 38
77 6592
78 39
79 6593
80 40
81 6594
82 41
83 6595
84 42
85 6596
86 43
87 6597
88 44
89 6598
90 45
91 6599
92 46
93 6600
94 47
95 6601
96 48
97 6602
98 49
99 6603
100 50
101 6604
102 51
103 6605
104 52
105 6606
106 53
107 6607
108 54
109 6608
110 55
111 6609
112 56
113 6610
114 57
115 6611
116 58
117 6612
118 59
119 6613
120 60
121 6614
122 61
123 6615
124 62
125 6616
126 63
127 6617
128 64
129 6618
130 65
131 6619
132 66
133 6620
134 67
135 6621
136 68
137 6622
138 69
139 6623
140 70
141 6624
142 71
143 6625
144 72
145 6626
146 73
147 6627
148 74
149 6628
150 75
151 6629
152 76
153 6630
154 77
155 6631
156 78
157 6632
158 79
159 6633
160 80
161 6634
162 81
163 6635
164 82
165 6636
166 83
167 6637
168 84
169 6638
170 85
171 6639
172 86
173 6640
174 87
175 6641
176 88
177 6642
178 89
179 6643
180 90
181 6644
182 91
183 6645
184 92
185 6646
186 93
187 6647
188 94
189 6648
190 95
191 6649
192 96
193 6650
194 97
195 6651
196 98
197 6652
198 99
199 6653
200 100
201 6654
202 101
203 6655
204 102
205 6656
206 103
207 6657
208 104
209 6658
210 105
211 6659
212 106
213 6660
214 107
215 6661
216 108
217 6662
218 109
219 6663
220 110
221 6664
222 111
223 6665
224 112
225 6666
226 113
227 6667
228 114
229 6668
230 115
231 6669
232 116
233 6670
234 117
235 6671
236 118
237 6672
238 119
239 6673
240 120
241 6674
242 121
243 6675
244 122
245 6676
246 123
247 6677
248 124
249 6678
250 125
251 6679
252 126
253 6680
254 127
255 6681
256 128
257 6682
258 129
259 6683
260 130
261 6684
262 131
263 6685
264 132
265 6686
266 133
267 6687
268 134
269 6688
270 135
271 6689
272 136
273 6690
274 137
275 6691
276 138
277 6692
278 139
279 6693
280 140
281 6694
282 141
283 6695
284 142
285 6696
286 143
287 6697
288 144
289 6698
290 145
291 6699
292 146
293 6700
294 147
295 6701
296 148
297 6702
298 149
299 6703
300 150
301 6704
302 151
303 6705
304 152
305 6706
306 153
307 6707
308 154
309 6708
310 155
311 6709
312 156
313 6710
314 157
315 6711
316 158
317 6712
318 159
319 6713
320 160
321 6714
322 161
323 6715
324 162
325 6716
326 163
327 6717
328 164
329 6718
330 165
331 6719
332 166
333 6720
334 167
335 6721
336 168
337 6722
338 169
339 6723
340 170
341 6724
342 171
343 6725
344 172
345 6726
346 173
347 6727
348 174
349 6728
350 175
351 6729
352 176
353 6730
354 177
355 6731
356 178
357 6732
358 179
359 6733
360 180
361 6734
362 181
363 6735
364 182
365 6736
366 183
367 6737
368 184
369 6738
370 185
371 6739
372 186
373 6740
374 187
375 6741
376 188
377 6742
378 189
379 6743
380 190
381 6744
382 191
383 6745
384 192
385 6746
386 193
387 6747
388 194
389 6748
390 195
391 6749
392 196
393 6750
394 197
395 6751
396 198
397 6752
398 199
399 6753
400 200
401 6754
402 201
403 6755
404 202
405 6756
406 203
407 6757
408 204
409 6758
410 205
411 6759
412 206
413 6760
414 207
415 6761
416 208
417 6762
418 209
419 6763
420 210
421 6764
422 211
423 6765
424 212
425 6766
426 213
427 6767
428 214
429 6768
430 215
431 6769
432 216
433 6770
434 217
435 6771
436 218
437 6772
438 219
439 6773
440 220
441 6774
442 221
443 6775
444 222
445 6776
446 223
447 6777
448 224
449 6778
450 225
451 6779
452 226
453 6780
454 227
455 6781
456 228
457 6782
458 229
459 6783
460 230
461 6784
462 231
463 6785
464 232
465 6786
466 233
467 6787
468 234
469 6788
470 235
471 6789
472 236
473 6790
474 237
475 6791
476 238
477 6792
478 239
479 6793
480 240
481 6794
482 241
483 6795
484 242
485 6796
486 243
487 6797
488 244
489 6798
490 245
491 6799
492 246
493 6800
494 247
495 6801
496 248
497 6802
498 249
499 6803
500 250
501 6804
502 251
503 6805
504 252
505 6806
506 253
507 6807
508 254
509 6808
510 255
511 6809
512 256
513 6810
514 257
515 6811
516 258
517 6812
518 259
519 6813
520 260
521 6814
522 261
523 6815
524 262
525 6816
526 263
527 6817
528 264
529 6818
530 265
531 6819
532 266
533 6820
534 267
535 6821
536 268
537 6822
538 269
539 6823
540 270
541 6824
542 271
543 6825
544 272
545 6826
546 273
547 6827
548 274
549 6828
550 275
551 6829
552 276
553 6830
554 277
555 6831
556 278
557 6832
558 279
559 6833
560 280
561 6834
562 281
563 6835
564 282
565 6836
566 283
567 6837
568 284
569 6838
570 285
571 6839
572 286
573 6840
574 287
575 6841
576 288
577 6842
578 289
579 6843
580 290
581 6844
582 291
583 6845
584 292
585 6846
586 293
587 6847
588 294
589 6848
590 295
591 6849
592 296
593 6850
594 297
595 6851
596 298
597 6852
598 299
599 6853
600 300
601 6854
602 301
603 6855
604 302
605 6856
606 303
607 6857
608 304
609 6858
610 305
611 6859
612 306
613 6860
614 307
615 6861
616 308
617 6862
618 309
619 6863
620 310
621 6864
622 311
623 6865
624 312
625 6866
626 313
627 6867
628 314
629 6868
630 315
631 6869
632 316
633 6870
634 317
635 6871
636 318
637 6872
638 319
639 6873
640 320
641 6874
642 321
643 6875
644 322
645 6876
646 323
647 6877
648 324
649 6878
650 325
651 6879
652 326
653 6880
654 327
655 6881
656 328
657 6882
658 329
659 6883
660 330
661 6884
662 331
663 6885
664 332
665 6886
666 333
667 6887
668 334
669 6888
670 335
671 6889
672 336
673 6890
674 337
675 6891
676 338
677 6892
678 339
679 6893
680 340
681 6894
682 341
683 6895
684 342
685 6896
686 343
687 6897
688 344
689 6898
690 345
691 6899
692 346
693 6900
694 347
695 6901
696 348
697 6902
698 349
699 6903
700 350
701 6904
702 351
703 6905
704 352
705 6906
706 353
707 6907
708 354
709 6908
710 355
711 6909
712 356
713 6910
714 357
715 6911
716 358
717 6912
718 359
719 6913
720 360
721 6914
722 361
723 6915
724 362
725 6916
726 363
727 6917
728 364
729 6918
730 365
731 6919
732 366
733 6920
734 367
735 6921
736 368
737 6922
738 369
739 6923
740 370
741 6924
742 371
743 6925
744 372
745 6926
746 373
747 6927
748 374
749 6928
750 375
751 6929
752 376
753 6930
754 377
755 6931
756 378
757 6932
758 379
759 6933
760 380
761 6934
762 381
763 6935
764 382
765 6936
766 383
767 6937
768 384
769 6938
770 385
771 6939
772 386
773 6940
774 387
775 6941
776 388
777 6942
778 389
779 6943
780 390
781 6944
782 391
783 6945
784 392
785 6946
786 393
787 6947
788 394
789 6948
790 395
791 6949
792 396
793 6950
794 397
795 6951
796 398
797 6952
798 399
799 6953
800 400
801 6954
802 401
803 6955
804 402
805 6956
806 403
807 6957
808 404
809 6958
810 405
811 6959
812 406
813 6960
814 407
815 6961
816 408
817 6962
818 409
819 6963
820 410
821 6964
822 411
823 6965
824 412
825 6966
826 413
827 6967
828 414
829 6968
830 415
831 6969
832 416
833 6970
834 417
835 6971
836 418
837 6972
838 419
839 6973
840 420
841 6974
842 421
843 6975
844 422
845 6976
846 423
847 6977
848 424
849 6978
850 425
851 6979
852 426
853 6980
854 427
855 6981
856 428
857 6982
858 429
859 6983
860 430
861 6984
862 431
863 6985
864 432
865 6986
866 433
867 6987
868 434
869 6988
870 435
871 6989
872 436
873 6990
874 437
875 6991
876 438
877 6992
878 439
879 6993
880 440
881 6994
882 441
883 6995
884 442
885 6996
886 443
887 6997
888 444
889 6998
890 445
891 6999
892 446
893 7000
894 447
895 7001
896 448
897 7002
898 449
899 7003
900 450
901 7004
902 451
903 7005
904 452
905 7006
906 453
907 7007
908 454
909 7008
910 455
911 7009
912 456
913 7010
914 457
915 7011
916 458
917 7012
918 459
919 7013
920 460
921 7014
922 461
923 7015
924 462
925 7016
926 463
927 7017
928 464
929 7018
930 465
931 7019
932 466
933 7020
934 467
935 7021
936 468
937 7022
938 469
939 7023
940 470
941 7024
942 471
943 7025
944 472
945 7026
946 473
947 7027
948 474
949 7028
950 475
951 7029
952 476
953 7030
954 477
955 7031
956 478
957 7032
958 479
959 7033
960 480
961 7034
962 481
963 7035
964 482
965 7036
966 483
967 7037
968 484
969 7038
970 485
971 7039
972 486
973 7040
974 487
975 7041
976 488
977 7042
978 489
979 7043
980 490
981 7044
982 491
983 7045
984 492
985 7046
986 493
987 7047
988 494
989 7048
990 495
991 7049
992 496
993 7050
994 497
995 7051
996 498
997 7052
998 499
999 7053
1000 500
1001 7054
1002 501
1003 7055
1004 502
1005 7056
1006 503
1007 7057
1008 504
1009 7058
1010 505
1011 7059
1012 506
1013 7060
1014 507
1015 7061
1016 508
1017 7062
1018 509
1019 7063
1020 510
1021 7064
1022 511
1023 7065
1024 512
1025 7066
1026 513
1027 7067
1028 514
1029 7068
1030 515
1031 7069
1032 516
1033 7070
1034 517
1035 7071
1036 518
1037 7072
1038 519
1039 7073
1040 520
1041 7074
1042 521
1043 7075
1044 522
1045 7076
1046 523
1047 7077
1048 524
1049 7078
1050 525
1051 7079
1052 526
1053 7080
1054 527
1055 7081
1056 528
1057 7082
1058 529
1059 7083
1060 530
1061 7084
1062 531
1063 7085
1064 532
1065 7086
1066 533
1067 7087
1068 534
1069 7088
1070 535
1071 7089
1072 536
1073 7090
1074 537
1075 7091
1076 538
1077 7092
1078 539
1079 7093
1080 540
1081 7094
1082 541
1083 7095
1084 542
1085 7096
1086 543
1087 7097
1088 544
1089 7098
1090 545
1091 7099
1092 546
1093 7100
1094 547
1095 7101
1096 548
1097 7102
1098 549
1099 7103
1100 550
1101 7104
1102 551
1103 7105
1104 552
1105 7106
1106 553
1107 7107
1108 554
1109 7108
1110 555
1111 7109
1112 556
1113 7110
1114 557
1115 7111
1116 558
1117 7112
1118 559
1119 7113
1120 560
1121 7114
1122 561
1123 7115
1124 562
1125 7116
1126 563
1127 7117
1128 564
1129 7118
1130 565
1131 7119
1132 566
1133 7120
1134 567
1135 7121
1136 568
1137 7122
1138 569
1139 7123
1140 570
1141 7124
1142 571
1143 7125
1144 572
1145 7126
1146 573
1147 7127
1148 574
1149 7128
1150 575
1151 7129
1152 576
1153 7130
1154 577
1155 7131
1156 578
1157 7132
1158 579
1159 7133
1160 580
1161 7134
1162 581
1163 7135
1164 582
1165 7136
1166 583
1167 7137
1168 584
1169 7138
1170 585
1171 7139
1172 586
1173 7140
1174 587
1175 7141
1176 588
1177 7142
1178 589
1179 7143
1180 590
1181 7144
1182 591
1183 7145
1184 592
1185 7146
1186 593
1187 7147
1188 594
1189 7148
1190 595
1191 7149
1192 596
1193 7150
1194 597
1195 7151
1196 598
1197 7152
1198 599
1199 7153
1200 600
1201 7154
1202 601
1203 7155
1204 602
1205 7156
1206 603
1207 7157
1208 604
1209 7158
1210 605
1211 7159
1212 606
1213 7160
1214 607
1215 7161
1216 608
1217 7162
1218 609
1219 7163
1220 610
1221 7164
1222 611
1223 7165
1224 612
1225 7166
1226 613
1227 7167
1228 614
1229 7168
1230 615
1231 7169
1232 616
1233 7170
1234 617
1235 7171
1236 618
1237 7172
1238 619
1239 7173
1240 620
1241 7174
1242 621
1243 7175
1244 622
1245 7176
1246 623
1247 7177
1248 624
1249 7178
1250 625
1251 7179
1252 626
1253 7180
1254 627
1255 7181
1256 628
1257 7182
1258 629
1259 7183
1260 630
1261 7184
1262 631
1263 7185
1264 632
1265 7186
1266 633
1267 7187
1268 634
1269 7188
1270 635
1271 7189
1272 636
1273 7190
1274 637
1275 7191
1276 638
1277 7192
1278 639
1279 7193
1280 640
1281 7194
1282 641
1283 7195
1284 642
1285 7196
1286 643
1287 7197
1288 644
1289 7198
1290 645
1291 7199
1292 646
1293 7200
1294 647
1295 7201
1296 648
1297 7202
1298 649
1299 7203
1300 650
1301 7204
1302 651
1303 7205
1304 652
1305 7206
1306 653
1307 7207
1308 654
1309 7208
1310 655
1311 7209
1312 656
1313 7210
1314 657
1315 7211
1316 658
1317 7212
1318 659
1319 7213
1320 660
1321 7214
1322 661
1323 7215
1324 662
1325 7216
1326 663
1327 7217
1328 664
1329 7218
1330 665
1331 7219
1332 666
1333 7220
1334 667
1335 7221
1336 668
1337 7222
1338 669
1339 7223
1340 670
1341 7224
1342 671
1343 7225
1344 672
1345 7226
1346 673
1347 7227
1348 674
1349 7228
1350 675
1351 7229
1352 676
1353 7230
1354 677
1355 7231
1356 678
1357 7232
1358 679
1359 7233
1360 680
1361 7234
1362 681
1363 7235
1364 682
1365 7236
1366 683
1367 7237
1368 684
1369 7238
1370 685
1371 7239
1372 686
1373 7240
1374 687
1375 7241
1376 688
1377 7242
1378 689
1379 7243
1380 690
1381 7244
1382 691
1383 7245
1384 692
1385 7246
1386 693
1387 7247
1388 694
1389 7248
1390 695
1391 7249
1392 696
1393 7250
1394 697
1395 7251
1396 698
1397 7252
1398 699
1399 7253
1400 700
1401 7254
1402 701
1403 7255
1404 702
1405 7256
1406 703
1407 7257
1408 704
1409 7258
1410 705
1411 7259
1412 706
1413 7260
1414 707
1415 7261
1416 708
1417 7262
1418 709
1419 7263
1420 710
1421 7264
1422 711
1423 7265
1424 712
1425 7266
1426 713
1427 7267
1428 714
1429 7268
1430 715
1431 7269
1432 716
1433 7270
1434 717
1435 7271
1436 718
1437 7272
1438 719
1439 7273
1440 720
1441 7274
1442 721
1443 7275
1444 722
1445 7276
1446 723
1447 7277
1448 724
1449 7278
1450 725
1451 7279
1452 726
1453 7280
1454 727
1455 7281
1456 728
1457 7282
1458 729
1459 7283
1460 730
1461 7284
1462 731
1463 7285
1464 732
1465 7286
1466 733
1467 7287
1468 734
1469 7288
1470 735
1471 7289
1472 736
1473 7290
1474 737
1475 7291
1476 738
1477 7292
1478 739
1479 7293
1480 740
1481 7294
1482 741
1483 7295
1484 742
1485 7296
1486 743
1487 7297
1488 744
1489 7298
1490 745
1491 7299
1492 746
1493 7300
1494 747
1495 7301
1496 748
1497 7302
1498 749
1499 7303
1500 750
1501 7304
1502 751
1503 7305
1504 752
1505 7306
1506 753
1507 7307
1508 754
1509 7308
1510 755
1511 7309
1512 756
1513 7310
1514 757
1515 7311
1516 758
1517 7312
1518 759
1519 7313
1520 760
1521 7314
1522 761
1523 7315
1524 762
1525 7316
1526 763
1527 7317
1528 764
1529 7318
1530 765
1531 7319
1532 766
1533 7320
1534 767
1535 7321
1536 768
1537 7322
1538 769
1539 7323
1540 770
1541 7324
1542 771
1543 7325
1544 772
1545 7326
1546 773
1547 7327
1548 774
1549 7328
1550 775
1551 7329
1552 776
1553 7330
1554 777
1555 7331
1556 778
1557 7332
1558 779
1559 7333
1560 780
1561 7334
1562 781
1563 7335
1564 782
1565 7336
1566 783
1567 7337
1568 784
1569 7338
1570 785
1571 7339
1572 786
1573 7340
1574 787
1575 7341
1576 788
1577 7342
1578 789
1579 7343
1580 790
1581 7344
1582 791
1583 7345
1584 792
1585 7346
1586 793
1587 7347
1588 794
1589 7348
1590 795
1591 7349
1592 796
1593 7350
1594 797
1595 7351
1596 798
1597 7352
1598 799
1599 7353
1600 800
1601 7354
1602 801
1603 7355
1604 802
1605 7356
1606 803
1607 7357
1608 804
1609 7358
1610 805
1611 7359
1612 806
1613 7360
1614 807
1615 7361
1616 808
1617 7362
1618 809
1619 7363
1620 810
1621 7364
1622 811
1623 7365
1624 812
1625 7366
1626 813
1627 7367
1628 814
1629 7368
1630 815
1631 7369
1632 816
1633 7370
1634 817
1635 7371
1636 818
1637 7372
1638 819
1639 7373
1640 820
1641 7374
1642 821
1643 7375
1644 822
1645 7376
1646 823
1647 7377
1648 824
1649 7378
1650 825
1651 7379
1652 826
1653 7380
1654 827
1655 7381
1656 828
1657 7382
1658 829
1659 7383
1660 830
1661 7384
1662 831
1663 7385
1664 832
1665 7386
1666 833
1667 7387
1668 834
1669 7388
1670 835
1671 7389
1672 836
1673 7390
1674 837
1675 7391
1676 838
1677 7392
1678 839
1679 7393
1680 840
1681 7394
1682 841
1683 7395
1684 842
1685 7396
1686 843
1687 7397
1688 844
1689 7398
1690 845
1691 7399
1692 846
1693 7400
1694 847
1695 7401
1696 848
1697 7402
1698 849
1699 7403
1700 850
1701 7404
1702 851
1703 7405
1704 852
1705 7406
1706 853
1707 7407
1708 854
1709 7408
1710 855
1711 7409
1712 856
1713 7410
1714 857
1715 7411
1716 858
1717 7412
1718 859
1719 7413
1720 860
1721 7414
1722 861
1723 7415
1724 862
1725 7416
1726 863
1727 7417
1728 864
1729 7418
1730 865
1731 7419
1732 866
1733 7420
1734 867
1735 7421
1736 868
1737 7422
1738 869
1739 7423
1740 870
1741 7424
1742 871
1743 7425
1744 872
1745 7426
1746 873
1747 7427
1748 874
1749 7428
1750 875
1751 7429
1752 876
1753 7430
1754 877
1755 7431
1756 878
1757 7432
1758 879
1759 7433
1760 880
1761 7434
1762 881
1763 7435
1764 882
1765 7436
1766 883
1767 7437
1768 884
1769 7438
1770 885
1771 7439
1772 886
1773 7440
1774 887
1775 7441
1776 888
1777 7442
1778 889
1779 7443
1780 890
1781 7444
1782 891
1783 7445
1784 892
1785 7446
1786 893
1787 7447
1788 894
1789 7448
1790 895
1791 7449
1792 896
1793 7450
1794 897
1795 7451
1796 898
1797 7452
1798 899
1799 7453
1800 900
1801 7454
1802 901
1803 7455
1804 902
1805 7456
1806 903
1807 7457
1808 904
1809 7458
1810 905
1811 7459
1812 906
1813 7460
1814 907
1815 7461
1816 908
1817 7462
1818 909
1819 7463
1820 910
1821 7464
1822 911
1823 7465
1824 912
1825 7466
1826 913
1827 7467
1828 914
1829 7468
1830 915
1831 7469
1832 916
1833 7470
1834 917
1835 7471
1836 918
1837 7472
1838 919
1839 7473
1840 920
1841 7474
1842 921
1843 7475
1844 922
1845 7476
1846 923
1847 7477
1848 924
1849 7478
1850 925
1851 7479
1852 926
1853 7480
1854 927
1855 7481
1856 928
1857 7482
1858 929
1859 7483
1860 930
1861 7484
1862 931
1863 7485
1864 932
1865 7486
1866 933
1867 7487
1868 934
1869 7488
1870 935
1871 7489
1872 936
1873 7490
1874 937
1875 7491
1876 938
1877 7492
1878 939
1879 7493
1880 940
1881 7494
1882 941
1883 7495
1884 942
1885 7496
1886 943
1887 7497
1888 944
1889 7498
1890 945
1891 7499
1892 946
1893 7500
1894 947
1895 7501
1896 948
1897 7502
1898 949
1899 7503
1900 950
1901 7504
1902 951
1903 7505
1904 952
1905 7506
1906 953
1907 7507
1908 954
1909 7508
1910 955
1911 7509
1912 956
1913 7510
1914 957
1915 7511
1916 958
1917 7512
1918 959
1919 7513
1920 960
1921 7514
1922 961
1923 7515
1924 962
1925 7516
1926 963
1927 7517
1928 964
1929 7518
1930 965
1931 7519
1932 966
1933 7520
1934 967
1935 7521
1936 968
1937 7522
1938 969
1939 7523
1940 970
1941 7524
1942 971
1943 7525
1944 972
1945 7526
1946 973
1947 7527
1948 974
1949 7528
1950 975
1951 7529
1952 976
1953 7530
1954 977
1955 7531
1956 978
1957 7532
1958 979
1959 7533
1960 980
1961 7534
1962 981
1963 7535
1964 982
1965 7536
1966 983
1967 7537
1968 984
1969 7538
1970 985
1971 7539
1972 986
1973 7540
1974 987
1975 7541
1976 988
1977 7542
1978 989
1979 7543
1980 990
1981 7544
1982 991
1983 7545
1984 992
1985 7546
1986 993
1987 7547
1988 994
1989 7548
1990 995
1991 7549
1992 996
1993 7550
1994 997
1995 7551
1996 998
1997 7552
1998 999
1999 7553
2000 1000
2001 7554
2002 1001
2003 7555
2004 1002
2005 7556
2006 1003
2007 7557
2008 1004
2009 7558
2010 1005
2011 7559
2012 1006
2013 7560
2014 1007
2015 7561
2016 1008
2017 7562
2018 1009
2019 7563
2020 1010
2021 7564
2022 1011
2023 7565
2024 1012
2025 7566
2026 1013
2027 7567
2028 1014
2029 7568
2030 1015
2031 7569
2032 1016
2033 7570
2034 1017
2035 7571
2036 1018
2037 7572
2038 1019
2039 7573
2040 1020
2041 7574
2042 1021
2043 7575
2044 1022
2045 7576
2046 1023
2047 7577
2048 1024
2049 7578
2050 1025
2051 7579
2052 1026
2053 7580
2054 1027
2055 7581
2056 1028
2057 7582
2058 1029
2059 7583
2060 1030
2061 7584
2062 1031
2063 7585
2064 1032
2065 7586
2066 1033
2067 7587
2068 1034
2069 7588
2070 1035
2071 7589
2072 1036
2073 7590
2074 1037
2075 7591
2076 1038
2077 7592
2078 1039
2079 7593
2080 1040
2081 7594
2082 1041
2083 7595
2084 1042
2085 7596
2086 1043
2087 7597
2088 1044
2089 7598
2090 1045
2091 7599
2092 1046
2093 7600
2094 1047
2095 7601
2096 1048
2097 7602
2098 1049
2099 7603
2100 1050
2101 7604
2102 1051
2103 7605
2104 1052
2105 7606
2106 1053
2107 7607
2108 1054
2109 7608
2110 1055
2111 7609
2112 1056
2113 7610
2114 1057
2115 7611
2116 1058
2117 7612
2118 1059
2119 7613
2120 1060
2121 7614
2122 1061
2123 7615
2124 1062
2125 7616
2126 1063
2127 7617
2128 1064
2129 7618
2130 1065
2131 7619
2132 1066
2133 7620
2134 1067
2135 7621
2136 1068
2137 7622
2138 1069
2139 7623
2140 1070
2141 7624
2142 1071
2143 7625
2144 1072
2145 7626
2146 1073
2147 7627
2148 1074
2149 7628
2150 1075
2151 7629
2152 1076
2153 7630
2154 1077
2155 7631
2156 1078
2157 7632
2158 1079
2159 7633
2160 1080
2161 7634
2162 1081
2163 7635
2164 1082
2165 7636
2166 1083
2167 7637
2168 1084
2169 7638
2170 1085
2171 7639
2172 1086
2173 7640
2174 1087
2175 7641
2176 1088
2177 7642
2178 1089
2179 7643
2180 1090
2181 7644
2182 1091
2183 7645
2184 1092
2185 7646
2186 1093
2187 7647
2188 1094
2189 7648
2190 1095
2191 7649
2192 1096
2193 7650
2194 1097
2195 7651
2196 1098
2197 7652
2198 1099
2199 7653
2200 1100
2201 7654
2202 1101
2203 7655
2204 1102
2205 7656
2206 1103
2207 7657
2208 1104
2209 7658
2210 1105
2211 7659
2212 1106
2213 7660
2214 1107
2215 7661
2216 1108
2217 7662
2218 1109
2219 7663
2220 1110
2221 7664
2222 1111
2223 7665
2224 1112
2225 7666
2226 1113
2227 7667
2228 1114
2229 7668
2230 1115
2231 7669
2232 1116
2233 7670
2234 1117
2235 7671
2236 1118
2237 7672
2238 1119
2239 7673
2240 1120
2241 7674
2242 1121
2243 7675
2244 1122
2245 7676
2246 1123
2247 7677
2248 1124
2249 7678
2250 1125
2251 7679
2252 1126
2253 7680
2254 1127
2255 7681
2256 1128
2257 7682
2258 1129
2259 7683
2260 1130
2261 7684
2262 1131
2263 7685
2264 1132
2265 7686
2266 1133
2267 7687
2268 1134
2269 7688
2270 1135
2271 7689
2272 1136
2273 7690
2274 1137
2275 7691
2276 1138
2277 7692
2278 1139
2279 7693
2280 1140
2281 7694
2282 1141
2283 7695
2284 1142
2285 7696
2286 1143
2287 7697
2288 1144
2289 7698
2290 1145
2291 7699
2292 1146
2293 7700
2294 1147
2295 7701
2296 1148
2297 7702
2298 1149
2299 7703
2300 1150
2301 7704
2302 1151
2303 7705
2304 1152
2305 7706
2306 1153
2307 7707
2308 1154
2309 7708
2310 1155
2311 7709
2312 1156
2313 7710
2314 1157
2315 7711
2316 1158
2317 7712
2318 1159
2319 7713
2320 1160
2321 7714
2322 1161
2323 7715
2324 1162
2325 7716
2326 1163
2327 7717
2328 1164
2329 7718
2330 1165
2331 7719
2332 1166
2333 7720
2334 1167
2335 7721
2336 1168
2337 7722
2338 1169
2339 7723
2340 1170
2341 7724
2342 1171
2343 7725
2344 1172
2345 7726
2346 1173
2347 7727
2348 1174
2349 7728
2350 1175
2351 7729
2352 1176
2353 7730
2354 1177
2355 7731
2356 1178
2357 7732
2358 1179
2359 7733
2360 1180
2361 7734
2362 1181
2363 7735
2364 1182
2365 7736
2366 1183
2367 7737
2368 1184
2369 7738
2370 1185
2371 7739
2372 1186
2373 7740
2374 1187
2375 7741
2376 1188
2377 7742
2378 1189
2379 7743
2380 1190
2381 7744
2382 1191
2383 7745
2384 1192
2385 7746
2386 1193
2387 7747
2388 1194
2389 7748
2390 1195
2391 7749
2392 1196
2393 7750
2394 1197
2395 7751
2396 1198
2397 7752
2398 1199
2399 7753
2400 1200
2401 7754
2402 1201
2403 7755
2404 1202
2405 7756
2406 1203
2407 7757
2408 1204
2409 7758
2410 1205
2411 7759
2412 1206
2413 7760
2414 1207
2415 7761
2416 1208
2417 7762
2418 1209
2419 7763
2420 1210
2421 7764
2422 1211
2423 7765
2424 1212
2425 7766
2426 1213
2427 7767
2428 1214
2429 7768
2430 1215
2431 7769
2432 1216
2433 7770
2434 1217
2435 7771
2436 1218
2437 7772
2438 1219
2439 7773
2440 1220
2441 7774
2442 1221
2443 7775
2444 1222
2445 7776
2446 1223
2447 7777
2448 1224
2449 7778
2450 1225
2451 7779
2452 1226
2453 7780
2454 1227
2455 7781
2456 1228
2457 7782
2458 1229
2459 7783
2460 1230
2461 7784
2462 1231
2463 7785
2464 1232
2465 7786
2466 1233
2467 7787
2468 1234
2469 7788
2470 1235
2471 7789
2472 1236
2473 7790
2474 1237
2475 7791
2476 1238
2477 7792
2478 1239
2479 7793
2480 1240
2481 7794
2482 1241
2483 7795
2484 1242
2485 7796
2486 1243
2487 7797
2488 1244
2489 7798
2490 1245
2491 7799
2492 1246
2493 7800
2494 1247
2495 7801
2496 1248
2497 7802
2498 1249
2499 7803
2500 1250
2501 7804
2502 1251
2503 7805
2504 1252
2505 7806
2506 1253
2507 7807
2508 1254
2509 7808
2510 1255
2511 7809
2512 1256
2513 7810
2514 1257
2515 7811
2516 1258
2517 7812
2518 1259
2519 7813
2520 1260
2521 7814
2522 1261
2523 7815
2524 1262
2525 7816
2526 1263
2527 7817
2528 1264
2529 7818
2530 1265
2531 7819
2532 1266
2533 7820
2534 1267
2535 7821
2536 1268
2537 7822
2538 1269
2539 7823
2540 1270
2541 7824
2542 1271
2543 7825
2544 1272
2545 7826
2546 1273
2547 7827
2548 1274
2549 7828
2550 1275
2551 7829
2552 1276
2553 7830
2554 1277
2555 7831
2556 1278
2557 7832
2558 1279
2559 7833
2560 1280
2561 7834
2562 1281
2563 7835
2564 1282
2565 7836
2566 1283
2567 7837
2568 1284
2569 7838
2570 1285
2571 7839
2572 1286
2573 7840
2574 1287
2575 7841
2576 1288
2577 7842
2578 1289
2579 7843
2580 1290
2581 7844
2582 1291
2583 7845
2584 1292
2585 7846
2586 1293
2587 7847
2588 1294
2589 7848
2590 1295
2591 7849
2592 1296
2593 7850
2594 1297
2595 7851
2596 1298
2597 7852
2598 1299
2599 7853
2600 1300
2601 7854
2602 1301
2603 7855
2604 1302
2605 7856
2606 1303
2607 7857
2608 1304
2609 7858
2610 1305
2611 7859
2612 1306
2613 7860
2614 1307
2615 7861
2616 1308
2617 7862
2618 1309
2619 7863
2620 1310
2621 7864
2622 1311
2623 7865
2624 1312
2625 7866
2626 1313
2627 7867
2628 1314
2629 7868
2630 1315
2631 7869
2632 1316
2633 7870
2634 1317
2635 7871
2636 1318
2637 7872
2638 1319
2639 7873
2640 1320
2641 7874
2642 1321
2643 7875
2644 1322
2645 7876
2646 1323
2647 7877
2648 1324
2649 7878
2650 1325
2651 7879
2652 1326
2653 7880
2654 1327
2655 7881
2656 1328
2657 7882
2658 1329
2659 7883
2660 1330
2661 7884
2662 1331
2663 7885
2664 1332
2665 7886
2666 1333
2667 7887
2668 1334
2669 7888
2670 1335
2671 7889
2672 1336
2673 7890
2674 1337
2675 7891
2676 1338
2677 7892
2678 1339
2679 7893
2680 1340
2681 7894
2682 1341
2683 7895
2684 1342
2685 7896
2686 1343
2687 7897
2688 1344
2689 7898
2690 1345
2691 7899
2692 1346
2693 7900
2694 1347
2695 7901
2696 1348
2697 7902
2698 1349
2699 7903
2700 1350
2701 7904
2702 1351
2703 7905
2704 1352
2705 7906
2706 1353
2707 7907
2708 1354
2709 7908
2710 1355
2711 7909
2712 1356
2713 7910
2714 1357
2715 7911
2716 1358
2717 7912
2718 1359
2719 7913
2720 1360
2721 7914
2722 1361
2723 7915
2724 1362
2725 7916
2726 1363
2727 7917
2728 1364
2729 7918
2730 1365
2731 7919
2732 1366
2733 7920
2734 1367
2735 7921
2736 1368
2737 7922
2738 1369
2739 7923
2740 1370
2741 7924
2742 1371
2743 7925
2744 1372
2745 7926
2746 1373
2747 7927
2748 1374
2749 7928
2750 1375
2751 7929
2752 1376
2753 7930
2754 1377
2755 7931
2756 1378
2757 7932
2758 1379
2759 7933
2760 1380
2761 7934
2762 1381
2763 7935
2764 1382
2765 7936
2766 1383
2767 7937
2768 1384
2769 7938
2770 1385
2771 7939
2772 1386
2773 7940
2774 1387
2775 7941
2776 1388
2777 7942
2778 1389
2779 7943
2780 1390
2781 7944
2782 1391
2783 7945
2784 1392
2785 7946
2786 1393
2787 7947
2788 1394
2789 7948
2790 1395
2791 7949
2792 1396
2793 7950
2794 1397
2795 7951
2796 1398
2797 7952
2798 1399
2799 7953
2800 1400
2801 7954
2802 1401
2803 7955
2804 1402
2805 7956
2806 1403
2807 7957
2808 1404
2809 7958
2810 1405
2811 7959
2812 1406
2813 7960
2814 1407
2815 7961
2816 1408
2817 7962
2818 1409
2819 7963
2820 1410
2821 7964
2822 1411
2823 7965
2824 1412
2825 7966
2826 1413
2827 7967
2828 1414
2829 7968
2830 1415
2831 7969
2832 1416
2833 7970
2834 1417
2835 7971
2836 1418
2837 7972
2838 1419
2839 7973
2840 1420
2841 7974
2842 1421
2843 7975
2844 1422
2845 7976
2846 1423
2847 7977
2848 1424
2849 7978
2850 1425
2851 7979
2852 1426
2853 7980
2854 1427
2855 7981
2856 1428
2857 7982
2858 1429
2859 7983
2860 1430
2861 7984
2862 1431
2863 7985
2864 1432
2865 7986
2866 1433
2867 7987
2868 1434
2869 7988
2870 1435
2871 7989
2872 1436
2873 7990
2874 1437
2875 7991
2876 1438
2877 7992
2878 1439
2879 7993
2880 1440
2881 7994
2882 1441
2883 7995
2884 1442
2885 7996
2886 1443
2887 7997
2888 1444
2889 7998
2890 1445
2891 7999
2892 1446
2893 8000
2894 1447
2895 8001
2896 1448
2897 8002
2898 1449
2899 8003
2900 1450
2901 8004
2902 1451
2903 8005
2904 1452
2905 8006
2906 1453
2907 8007
2908 1454
2909 8008
2910 1455
2911 8009
2912 1456
2913 8010
2914 1457
2915 8011
2916 1458
2917 8012
2918 1459
2919 8013
2920 1460
2921 8014
2922 1461
2923 8015
2924 1462
2925 8016
2926 1463
2927 8017
2928 1464
2929 8018
2930 1465
2931 8019
2932 1466
2933 8020
2934 1467
2935 8021
2936 1468
2937 8022
2938 1469
2939 8023
2940 1470
2941 8024
2942 1471
2943 8025
2944 1472
2945 8026
2946 1473
2947 8027
2948 1474
2949 8028
2950 1475
2951 8029
2952 1476
2953 8030
2954 1477
2955 8031
2956 1478
2957 8032
2958 1479
2959 8033
2960 1480
2961 8034
2962 1481
2963 8035
2964 1482
2965 8036
2966 1483
2967 8037
2968 1484
2969 8038
2970 1485
2971 8039
2972 1486
2973 8040
2974 1487
2975 8041
2976 1488
2977 8042
2978 1489
2979 8043
2980 1490
2981 8044
2982 1491
2983 8045
2984 1492
2985 8046
2986 1493
2987 8047
2988 1494
2989 8048
2990 1495
2991 8049
2992 1496
2993 8050
2994 1497
2995 8051
2996 1498
2997 8052
2998 1499
2999 8053
3000 1500
3001 8054
3002 1501
3003 8055
3004 1502
3005 8056
3006 1503
3007 8057
3008 1504
3009 8058
3010 1505
3011 8059
3012 1506
3013 8060
3014 1507
3015 8061
3016 1508
3017 8062
3018 1509
3019 8063
3020 1510
3021 8064
3022 1511
3023 8065
3024 1512
3025 8066
3026 1513
3027 8067
3028 1514
3029 8068
3030 1515
3031 8069
3032 1516
3033 8070
3034 1517
3035 8071
3036 1518
3037 8072
3038 1519
3039 8073
3040 1520
3041 8074
3042 1521
3043 8075
3044 1522
3045 8076
3046 1523
3047 8077
3048 1524
3049 8078
3050 1525
3051 8079
3052 1526
3053 8080
3054 1527
3055 8081
3056 1528
3057 8082
3058 1529
3059 8083
3060 1530
3061 8084
3062 1531
3063 8085
3064 1532
3065 8086
3066 1533
3067 8087
3068 1534
3069 8088
3070 1535
3071 8089
3072 1536
3073 8090
3074 1537
3075 8091
3076 1538
3077 8092
3078 1539
3079 8093
3080 1540
3081 8094
3082 1541
3083 8095
3084 1542
3085 8096
3086 1543
3087 8097
3088 1544
3089 8098
3090 1545
3091 8099
3092 1546
3093 8100
3094 1547
3095 8101
3096 1548
3097 8102
3098 1549
3099 8103
3100 1550
3101 8104
3102 1551
3103 8105
3104 1552
3105 8106
3106 1553
3107 8107
3108 1554
3109 8108
3110 1555
3111 8109
3112 1556
3113 8110
3114 1557
3115 8111
3116 1558
3117 8112
3118 1559
3119 8113
3120 1560
3121 8114
3122 1561
3123 8115
3124 1562
3125 8116
3126 1563
3127 8117
3128 1564
3129 8118
3130 1565
3131 8119
3132 1566
3133 8120
3134 1567
3135 8121
3136 1568
3137 8122
3138 1569
3139 8123
3140 1570
3141 8124
3142 1571
3143 8125
3144 1572
3145 8126
3146 1573
3147 8127
3148 1574
3149 8128
3150 1575
3151 8129
3152 1576
3153 8130
3154 1577
3155 8131
3156 1578
3157 8132
3158 1579
3159 8133
3160 1580
3161 8134
3162 1581
3163 8135
3164 1582
3165 8136
3166 1583
3167 8137
3168 1584
3169 8138
3170 1585
3171 8139
3172 1586
3173 8140
3174 1587
3175 8141
3176 1588
3177 8142
3178 1589
3179 8143
3180 1590
3181 8144
3182 1591
3183 8145
3184 1592
3185 8146
3186 1593
3187 8147
3188 1594
3189 8148
3190 1595
3191 8149
3192 1596
3193 8150
3194 1597
3195 8151
3196 1598
3197 8152
3198 1599
3199 8153
3200 1600
3201 8154
3202 1601
3203 8155
3204 1602
3205 8156
3206 1603
3207 8157
3208 1604
3209 8158
3210 1605
3211 8159
3212 1606
3213 8160
3214 1607
3215 8161
3216 1608
3217 8162
3218 1609
3219 8163
3220 1610
3221 8164
3222 1611
3223 8165
3224 1612
3225 8166
3226 1613
3227 8167
3228 1614
3229 8168
3230 1615
3231 8169
3232 1616
3233 8170
3234 1617
3235 8171
3236 1618
3237 8172
3238 1619
3239 8173
3240 1620
3241 8174
3242 1621
3243 8175
3244 1622
3245 8176
3246 1623
3247 8177
3248 1624
3249 8178
3250 1625
3251 8179
3252 1626
3253 8180
3254 1627
3255 8181
3256 1628
3257 8182
3258 1629
3259 8183
3260 1630
3261 8184
3262 1631
3263 8185
3264 1632
3265 8186
3266 1633
3267 8187
3268 1634
3269 8188
3270 1635
3271 8189
3272 1636
3273 8190
3274 1637
3275 8191
3276 1638
3277 8192
3278 1639
3279 8193
3280 1640
3281 8194
3282 1641
3283 8195
3284 1642
3285 8196
3286 1643
3287 8197
3288 1644
3289 8198
3290 1645
3291 8199
3292 1646
3293 8200
3294 1647
3295 8201
3296 1648
3297 8202
3298 1649
3299 8203
3300 1650
3301 8204
3302 1651
3303 8205
3304 1652
3305 8206
3306 1653
3307 8207
3308 1654
3309 8208
3310 1655
3311 8209
3312 1656
3313 8210
3314 1657
3315 8211
3316 1658
3317 8212
3318 1659
3319 8213
3320 1660
3321 8214
3322 1661
3323 8215
3324 1662
3325 8216
3326 1663
3327 8217
3328 1664
3329 8218
3330 1665
3331 8219
3332 1666
3333 8220
3334 1667
3335 8221
3336 1668
3337 8222
3338 1669
3339 8223
3340 1670
3341 8224
3342 1671
3343 8225
3344 1672
3345 8226
3346 1673
3347 8227
3348 1674
3349 8228
3350 1675
3351 8229
3352 1676
3353 8230
3354 1677
3355 8231
3356 1678
3357 8232
3358 1679
3359 8233
3360 1680
3361 8234
3362 1681
3363 8235
3364 1682
3365 8236
3366 1683
3367 8237
3368 1684
3369 8238
3370 1685
3371 8239
3372 1686
3373 8240
3374 1687
3375 8241
3376 1688
3377 8242
3378 1689
3379 8243
3380 1690
3381 8244
3382 1691
3383 8245
3384 1692
3385 8246
3386 1693
3387 8247
3388 1694
3389 8248
3390 1695
3391 8249
3392 1696
3393 8250
3394 1697
3395 8251
3396 1698
3397 8252
3398 1699
3399 8253
3400 1700
3401 8254
3402 1701
3403 8255
3404 1702
3405 8256
3406 1703
3407 8257
3408 1704
3409 8258
3410 1705
3411 8259
3412 1706
3413 8260
3414 1707
3415 8261
3416 1708
3417 8262
3418 1709
3419 8263
3420 1710
3421 8264
3422 1711
3423 8265
3424 1712
3425 8266
3426 1713
3427 8267
3428 1714
3429 8268
3430 1715
3431 8269
3432 1716
3433 8270
3434 1717
3435 8271
3436 1718
3437 8272
3438 1719
3439 8273
3440 1720
3441 8274
3442 1721
3443 8275
3444 1722
3445 8276
3446 1723
3447 8277
3448 1724
3449 8278
3450 1725
3451 8279
3452 1726
3453 8280
3454 1727
3455 8281
3456 1728
3457 8282
3458 1729
3459 8283
3460 1730
3461 8284
3462 1731
3463 8285
3464 1732
3465 8286
3466 1733
3467 8287
3468 1734
3469 8288
3470 1735
3471 8289
3472 1736
3473 8290
3474 1737
3475 8291
3476 1738
3477 8292
3478 1739
3479 8293
3480 1740
3481 8294
3482 1741
3483 8295
3484 1742
3485 8296
3486 1743
3487 8297
3488 1744
3489 8298
3490 1745
3491 8299
3492 1746
3493 8300
3494 1747
3495 8301
3496 1748
3497 8302
3498 1749
3499 8303
3500 1750
3501 8304
3502 1751
3503 8305
3504 1752
3505 8306
3506 1753
3507 8307
3508 1754
3509 8308
3510 1755
3511 8309
3512 1756
3513 8310
3514 1757
3515 8311
3516 1758
3517 8312
3518 1759
3519 8313
3520 1760
3521 8314
3522 1761
3523 8315
3524 1762
3525 8316
3526 1763
3527 8317
3528 1764
3529 8318
3530 1765
3531 8319
3532 1766
3533 8320
3534 1767
3535 8321
3536 1768
3537 8322
3538 1769
3539 8323
3540 1770
3541 8324
3542 1771
3543 8325
3544 1772
3545 8326
3546 1773
3547 8327
3548 1774
3549 8328
3550 1775
3551 8329
3552 1776
3553 8330
3554 1777
3555 8331
3556 1778
3557 8332
3558 1779
3559 8333
3560 1780
3561 8334
3562 1781
3563 8335
3564 1782
3565 8336
3566 1783
3567 8337
3568 1784
3569 8338
3570 1785
3571 8339
3572 1786
3573 8340
3574 1787
3575 8341
3576 1788
3577 8342
3578 1789
3579 8343
3580 1790
3581 8344
3582 1791
3583 8345
3584 1792
3585 8346
3586 1793
3587 8347
3588 1794
3589 8348
3590 1795
3591 8349
3592 1796
3593 8350
3594 1797
3595 8351
3596 1798
3597 8352
3598 1799
3599 8353
3600 1800
3601 8354
3602 1801
3603 8355
3604 1802
3605 8356
3606 1803
3607 8357
3608 1804
3609 8358
3610 1805
3611 8359
3612 1806
3613 8360
3614 1807
3615 8361
3616 1808
3617 8362
3618 1809
3619 8363
3620 1810
3621 8364
3622 1811
3623 8365
3624 1812
3625 8366
3626 1813
3627 8367
3628 1814
3629 8368
3630 1815
3631 8369
3632 1816
3633 8370
3634 1817
3635 8371
3636 1818
3637 8372
3638 1819
3639 8373
3640 1820
3641 8374
3642 1821
3643 8375
3644 1822
3645 8376
3646 1823
3647 8377
3648 1824
3649 8378
3650 1825
3651 8379
3652 1826
3653 8380
3654 1827
3655 8381
3656 1828
3657 8382
3658 1829
3659 8383
3660 1830
3661 8384
3662 1831
3663 8385
3664 1832
3665 8386
3666 1833
3667 8387
3668 1834
3669 8388
3670 1835
3671 8389
3672 1836
3673 8390
3674 1837
3675 8391
3676 1838
3677 8392
3678 1839
3679 8393
3680 1840
3681 8394
3682 1841
3683 8395
3684 1842
3685 8396
3686 1843
3687 8397
3688 1844
3689 8398
3690 1845
3691 8399
3692 1846
3693 8400
3694 1847
3695 8401
3696 1848
3697 8402
3698 1849
3699 8403
3700 1850
3701 8404
3702 1851
3703 8405
3704 1852
3705 8406
3706 1853
3707 8407
3708 1854
3709 8408
3710 1855
3711 8409
3712 1856
3713 8410
3714 1857
3715 8411
3716 1858
3717 8412
3718 1859
3719 8413
3720 1860
3721 8414
3722 1861
3723 8415
3724 1862
3725 8416
3726 1863
3727 8417
3728 1864
3729 8418
3730 1865
3731 8419
3732 1866
3733 8420
3734 1867
3735 8421
3736 1868
3737 8422
3738 1869
3739 8423
3740 1870
3741 8424
3742 1871
3743 8425
3744 1872
3745 8426
3746 1873
3747 8427
3748 1874
3749 8428
3750 1875
3751 8429
3752 1876
3753 8430
3754 1877
3755 8431
3756 1878
3757 8432
3758 1879
3759 8433
3760 1880
3761 8434
3762 1881
3763 8435
3764 1882
3765 8436
3766 1883
3767 8437
3768 1884
3769 8438
3770 1885
3771 8439
3772 1886
3773 8440
3774 1887
3775 8441
3776 1888
3777 8442
3778 1889
3779 8443
3780 1890
3781 8444
3782 1891
3783 8445
3784 1892
3785 8446
3786 1893
3787 8447
3788 1894
3789 8448
3790 1895
3791 8449
3792 1896
3793 8450
3794 1897
3795 8451
3796 1898
3797 8452
3798 1899
3799 8453
3800 1900
3801 8454
3802 1901
3803 8455
3804 1902
3805 8456
3806 1903
3807 8457
3808 1904
3809 8458
3810 1905
3811 8459
3812 1906
3813 8460
3814 1907
3815 8461
3816 1908
3817 8462
3818 1909
3819 8463
3820 1910
3821 8464
3822 1911
3823 8465
3824 1912
3825 8466
3826 1913
3827 8467
3828 1914
3829 8468
3830 1915
3831 8469
3832 1916
3833 8470
3834 1917
3835 8471
3836 1918
3837 8472
3838 1919
3839 8473
3840 1920
3841 8474
3842 1921
3843 8475
3844 1922
3845 8476
3846 1923
3847 8477
3848 1924
3849 8478
3850 1925
3851 8479
3852 1926
3853 8480
3854 1927
3855 8481
3856 1928
3857 8482
3858 1929
3859 8483
3860 1930
3861 8484
3862 1931
3863 8485
3864 1932
3865 8486
3866 1933
3867 8487
3868 1934
3869 8488
3870 1935
3871 8489
3872 1936
3873 8490
3874 1937
3875 8491
3876 1938
3877 8492
3878 1939
3879 8493
3880 1940
3881 8494
3882 1941
3883 8495
3884 1942
3885 8496
3886 1943
3887 8497
3888 1944
3889 8498
3890 1945
3891 8499
3892 1946
3893 8500
3894 1947
3895 8501
3896 1948
3897 8502
3898 1949
3899 8503
3900 1950
3901 8504
3902 1951
3903 8505
3904 1952
3905 8506
3906 1953
3907 8507
3908 1954
3909 8508
3910 1955
3911 8509
3912 1956
3913 8510
3914 1957
3915 8511
3916 1958
3917 8512
3918 1959
3919 8513
3920 1960
3921 8514
3922 1961
3923 8515
3924 1962
3925 8516
3926 1963
3927 8517
3928 1964
3929 8518
3930 1965
3931 8519
3932 1966
3933 8520
3934 1967
3935 8521
3936 1968
3937 8522
3938 1969
3939 8523
3940 1970
3941 8524
3942 1971
3943 8525
3944 1972
3945 8526
3946 1973
3947 8527
3948 1974
3949 8528
3950 1975
3951 8529
3952 1976
3953 8530
3954 1977
3955 8531
3956 1978
3957 8532
3958 1979
3959 8533
3960 1980
3961 8534
3962 1981
3963 8535
3964 1982
3965 8536
3966 1983
3967 8537
3968 1984
3969 8538
3970 1985
3971 8539
3972 1986
3973 8540
3974 1987
3975 8541
3976 1988
3977 8542
3978 1989
3979 8543
3980 1990
3981 8544
3982 1991
3983 8545
3984 1992
3985 8546
3986 1993
3987 8547
3988 1994
3989 8548
3990 1995
3991 8549
3992 1996
3993 8550
3994 1997
3995 8551
3996 1998
3997 8552
3998 1999
3999 8553
4000 2000
4001 8554
4002 2001
4003 8555
4004 2002
4005 8556
4006 2003
4007 8557
4008 2004
4009 8558
4010 2005
4011 8559
4012 2006
4013 8560
4014 2007
4015 8561
4016 2008
4017 8562
4018 2009
4019 8563
4020 2010
4021 8564
4022 2011
4023 8565
4024 2012
4025 8566
4026 2013
4027 8567
4028 2014
4029 8568
4030 2015
4031 8569
4032 2016
4033 8570
4034 2017
4035 8571
4036 2018
4037 8572
4038 2019
4039 8573
4040 2020
4041 8574
4042 2021
4043 8575
4044 2022
4045 8576
4046 2023
4047 8577
4048 2024
4049 8578
4050 2025
4051 8579
4052 2026
4053 8580
4054 2027
4055 8581
4056 2028
4057 8582
4058 2029
4059 8583
4060 2030
4061 8584
4062 2031
4063 8585
4064 2032
4065 8586
4066 2033
4067 8587
4068 2034
4069 8588
4070 2035
4071 8589
4072 2036
4073 8590
4074 2037
4075 8591
4076 2038
4077 8592
4078 2039
4079 8593
4080 2040
4081 8594
4082 2041
4083 8595
4084 2042
4085 8596
4086 2043
4087 8597
4088 2044
4089 8598
4090 2045
4091 8599
4092 2046
4093 8600
4094 2047
4095 8601
4096 2048
4097 8602
4098 2049
4099 8603
4100 2050
4101 8604
4102 2051
4103 8605
4104 2052
4105 8606
4106 2053
4107 8607
4108 2054
4109 8608
4110 2055
4111 8609
4112 2056
4113 8610
4114 2057
4115 8611
4116 2058
4117 8612
4118 2059
4119 8613
4120 2060
4121 8614
4122 2061
4123 8615
4124 2062
4125 8616
4126 2063
4127 8617
4128 2064
4129 8618
4130 2065
4131 8619
4132 2066
4133 8620
4134 2067
4135 8621
4136 2068
4137 8622
4138 2069
4139 8623
4140 2070
4141 8624
4142 2071
4143 8625
4144 2072
4145 8626
4146 2073
4147 8627
4148 2074
4149 8628
4150 2075
4151 8629
4152 2076
4153 8630
4154 2077
4155 8631
4156 2078
4157 8632
4158 2079
4159 8633
4160 2080
4161 8634
4162 2081
4163 8635
4164 2082
4165 8636
4166 2083
4167 8637
4168 2084
4169 8638
4170 2085
4171 8639
4172 2086
4173 8640
4174 2087
4175 8641
4176 2088
4177 8642
4178 2089
4179 8643
4180 2090
4181 8644
4182 2091
4183 8645
4184 2092
4185 8646
4186 2093
4187 8647
4188 2094
4189 8648
4190 2095
4191 8649
4192 2096
4193 8650
4194 2097
4195 8651
4196 2098
4197 8652
4198 2099
4199 8653
4200 2100
4201 8654
4202 2101
4203 8655
4204 2102
4205 8656
4206 2103
4207 8657
4208 2104
4209 8658
4210 2105
4211 8659
4212 2106
4213 8660
4214 2107
4215 8661
4216 2108
4217 8662
4218 2109
4219 8663
4220 2110
4221 8664
4222 2111
4223 8665
4224 2112
4225 8666
4226 2113
4227 8667
4228 2114
4229 8668
4230 2115
4231 8669
4232 2116
4233 8670
4234 2117
4235 8671
4236 2118
4237 8672
4238 2119
4239 8673
4240 2120
4241 8674
4242 2121
4243 8675
4244 2122
4245 8676
4246 2123
4247 8677
4248 2124
4249 8678
4250 2125
4251 8679
4252 2126
4253 8680
4254 2127
4255 8681
4256 2128
4257 8682
4258 2129
4259 8683
4260 2130
4261 8684
4262 2131
4263 8685
4264 2132
4265 8686
4266 2133
4267 8687
4268 2134
4269 8688
4270 2135
4271 8689
4272 2136
4273 8690
4274 2137
4275 8691
4276 2138
4277 8692
4278 2139
4279 8693
4280 2140
4281 8694
4282 2141
4283 8695
4284 2142
4285 8696
4286 2143
4287 8697
4288 2144
4289 8698
4290 2145
4291 8699
4292 2146
4293 8700
4294 2147
4295 8701
4296 2148
4297 8702
4298 2149
4299 8703
4300 2150
4301 8704
4302 2151
4303 8705
4304 2152
4305 8706
4306 2153
4307 8707
4308 2154
4309 8708
4310 2155
4311 8709
4312 2156
4313 8710
4314 2157
4315 8711
4316 2158
4317 8712
4318 2159
4319 8713
4320 2160
4321 8714
4322 2161
4323 8715
4324 2162
4325 8716
4326 2163
4327 8717
4328 2164
4329 8718
4330 2165
4331 8719
4332 2166
4333 8720
4334 2167
4335 8721
4336 2168
4337 8722
4338 2169
4339 8723
4340 2170
4341 8724
4342 2171
4343 8725
4344 2172
4345 8726
4346 2173
4347 8727
4348 2174
4349 8728
4350 2175
4351 8729
4352 2176
4353 8730
4354 2177
4355 8731
4356 2178
4357 8732
4358 2179
4359 8733
4360 2180
4361 8734
4362 2181
4363 8735
4364 2182
4365 8736
4366 2183
4367 8737
4368 2184
4369 8738
4370 2185
4371 8739
4372 2186
4373 8740
4374 2187
4375 8741
4376 2188
4377 8742
4378 2189
4379 8743
4380 2190
4381 8744
4382 2191
4383 8745
4384 2192
4385 8746
4386 2193
4387 8747
4388 2194
4389 8748
4390 2195
4391 8749
4392 2196
4393 8750
4394 2197
4395 8751
4396 2198
4397 8752
4398 2199
4399 8753
4400 2200
4401 8754
4402 2201
4403 8755
4404 2202
4405 8756
4406 2203
4407 8757
4408 2204
4409 8758
4410 2205
4411 8759
4412 2206
4413 8760
4414 2207
4415 8761
4416 2208
4417 8762
4418 2209
4419 8763
4420 2210
4421 8764
4422 2211
4423 8765
4424 2212
4425 8766
4426 2213
4427 8767
4428 2214
4429 8768
4430 2215
4431 8769
4432 2216
4433 8770
4434 2217
4435 8771
4436 2218
4437 8772
4438 2219
4439 8773
4440 2220
4441 8774
4442 2221
4443 8775
4444 2222
4445 8776
4446 2223
4447 8777
4448 2224
4449 8778
4450 2225
4451 8779
4452 2226
4453 8780
4454 2227
4455 8781
4456 2228
4457 8782
4458 2229
4459 8783
4460 2230
4461 8784
4462 2231
4463 8785
4464 2232
4465 8786
4466 2233
4467 8787
4468 2234
4469 8788
4470 2235
4471 8789
4472 2236
4473 8790
4474 2237
4475 8791
4476 2238
4477 8792
4478 2239
4479 8793
4480 2240
4481 8794
4482 2241
4483 8795
4484 2242
4485 8796
4486 2243
4487 8797
4488 2244
4489 8798
4490 2245
4491 8799
4492 2246
4493 8800
4494 2247
4495 8801
4496 2248
4497 8802
4498 2249
4499 8803
4500 2250
4501 8804
4502 2251
4503 8805
4504 2252
4505 8806
4506 2253
4507 8807
4508 2254
4509 8808
4510 2255
4511 8809
4512 2256
4513 8810
4514 2257
4515 8811
4516 2258
4517 8812
4518 2259
4519 8813
4520 2260
4521 8814
4522 2261
4523 8815
4524 2262
4525 8816
4526 2263
4527 8817
4528 2264
4529 8818
4530 2265
4531 8819
4532 2266
4533 8820
4534 2267
4535 8821
4536 2268
4537 8822
4538 2269
4539 8823
4540 2270
4541 8824
4542 2271
4543 8825
4544 2272
4545 8826
4546 2273
4547 8827
4548 2274
4549 8828
4550 2275
4551 8829
4552 2276
4553 8830
4554 2277
4555 8831
4556 2278
4557 8832
4558 2279
4559 8833
4560 2280
4561 8834
4562 2281
4563 8835
4564 2282
4565 8836
4566 2283
4567 8837
4568 2284
4569 8838
4570 2285
4571 8839
4572 2286
4573 8840
4574 2287
4575 8841
4576 2288
4577 8842
4578 2289
4579 8843
4580 2290
4581 8844
4582 2291
4583 8845
4584 2292
4585 8846
4586 2293
4587 8847
4588 2294
4589 8848
4590 2295
4591 8849
4592 2296
4593 8850
4594 2297
4595 8851
4596 2298
4597 8852
4598 2299
4599 8853
4600 2300
4601 8854
4602 2301
4603 8855
4604 2302
4605 8856
4606 2303
4607 8857
4608 2304
4609 8858
4610 2305
4611 8859
4612 2306
4613 8860
4614 2307
4615 8861
4616 2308
4617 8862
4618 2309
4619 8863
4620 2310
4621 8864
4622 2311
4623 8865
4624 2312
4625 8866
4626 2313
4627 8867
4628 2314
4629 8868
4630 2315
4631 8869
4632 2316
4633 8870
4634 2317
4635 8871
4636 2318
4637 8872
4638 2319
4639 8873
4640 2320
4641 8874
4642 2321
4643 8875
4644 2322
4645 8876
4646 2323
4647 8877
4648 2324
4649 8878
4650 2325
4651 8879
4652 2326
4653 8880
4654 2327
4655 8881
4656 2328
4657 8882
4658 2329
4659 8883
4660 2330
4661 8884
4662 2331
4663 8885
4664 2332
4665 8886
4666 2333
4667 8887
4668 2334
4669 8888
4670 2335
4671 8889
4672 2336
4673 8890
4674 2337
4675 8891
4676 2338
4677 8892
4678 2339
4679 8893
4680 2340
4681 8894
4682 2341
4683 8895
4684 2342
4685 8896
4686 2343
4687 8897
4688 2344
4689 8898
4690 2345
4691 8899
4692 2346
4693 8900
4694 2347
4695 8901
4696 2348
4697 8902
4698 2349
4699 8903
4700 2350
4701 8904
4702 2351
4703 8905
4704 2352
4705 8906
4706 2353
4707 8907
4708 2354
4709 8908
4710 2355
4711 8909
4712 2356
4713 8910
4714 2357
4715 8911
4716 2358
4717 8912
4718 2359
4719 8913
4720 2360
4721 8914
4722 2361
4723 8915
4724 2362
4725 8916
4726 2363
4727 8917
4728 2364
4729 8918
4730 2365
4731 8919
4732 2366
4733 8920
4734 2367
4735 8921
4736 2368
4737 8922
4738 2369
4739 8923
4740 2370
4741 8924
4742 2371
4743 8925
4744 2372
4745 8926
4746 2373
4747 8927
4748 2374
4749 8928
4750 2375
4751 8929
4752 2376
4753 8930
4754 2377
4755 8931
4756 2378
4757 8932
4758 2379
4759 8933
4760 2380
4761 8934
4762 2381
4763 8935
4764 2382
4765 8936
4766 2383
4767 8937
4768 2384
4769 8938
4770 2385
4771 8939
4772 2386
4773 8940
4774 2387
4775 8941
4776 2388
4777 8942
4778 2389
4779 8943
4780 2390
4781 8944
4782 2391
4783 8945
4784 2392
4785 8946
4786 2393
4787 8947
4788 2394
4789 8948
4790 2395
4791 8949
4792 2396
4793 8950
4794 2397
4795 8951
4796 2398
4797 8952
4798 2399
4799 8953
4800 2400
4801 8954
4802 2401
4803 8955
4804 2402
4805 8956
4806 2403
4807 8957
4808 2404
4809 8958
4810 2405
4811 8959
4812 2406
4813 8960
4814 2407
4815 8961
4816 2408
4817 8962
4818 2409
4819 8963
4820 2410
4821 8964
4822 2411
4823 8965
4824 2412
4825 8966
4826 2413
4827 8967
4828 2414
4829 8968
4830 2415
4831 8969
4832 2416
4833 8970
4834 2417
4835 8971
4836 2418
4837 8972
4838 2419
4839 8973
4840 2420
4841 8974
4842 2421
4843 8975
4844 2422
4845 8976
4846 2423
4847 8977
4848 2424
4849 8978
4850 2425
4851 8979
4852 2426
4853 8980
4854 2427
4855 8981
4856 2428
4857 8982
4858 2429
4859 8983
4860 2430
4861 8984
4862 2431
4863 8985
4864 2432
4865 8986
4866 2433
4867 8987
4868 2434
4869 8988
4870 2435
4871 8989
4872 2436
4873 8990
4874 2437
4875 8991
4876 2438
4877 8992
4878 2439
4879 8993
4880 2440
4881 8994
4882 2441
4883 8995
4884 2442
4885 8996
4886 2443
4887 8997
4888 2444
4889 8998
4890 2445
4891 8999
4892 2446
4893 9000
4894 2447
4895 9001
4896 2448
4897 9002
4898 2449
4899 9003
4900 2450
4901 9004
4902 2451
4903 9005
4904 2452
4905 9006
4906 2453
4907 9007
4908 2454
4909 9008
4910 2455
4911 9009
4912 2456
4913 9010
4914 2457
4915 9011
4916 2458
4917 9012
4918 2459
4919 9013
4920 2460
4921 9014
4922 2461
4923 9015
4924 2462
4925 9016
4926 2463
4927 9017
4928 2464
4929 9018
4930 2465
4931 9019
4932 2466
4933 9020
4934 2467
4935 9021
4936 2468
4937 9022
4938 2469
4939 9023
4940 2470
4941 9024
4942 2471
4943 9025
4944 2472
4945 9026
4946 2473
4947 9027
4948 2474
4949 9028
4950 2475
4951 9029
4952 2476
4953 9030
4954 2477
4955 9031
4956 2478
4957 9032
4958 2479
4959 9033
4960 2480
4961 9034
4962 2481
4963 9035
4964 2482
4965 9036
4966 2483
4967 9037
4968 2484
4969 9038
4970 2485
4971 9039
4972 2486
4973 9040
4974 2487
4975 9041
4976 2488
4977 9042
4978 2489
4979 9043
4980 2490
4981 9044
4982 2491
4983 9045
4984 2492
4985 9046
4986 2493
4987 9047
4988 2494
4989 9048
4990 2495
4991 9049
4992 2496
4993 9050
4994 2497
4995 9051
4996 2498
4997 9052
4998 2499
4999 9053
5000 2500
5001 9054
5002 2501
5003 9055
5004 2502
5005 9056
5006 2503
5007 9057
5008 2504
5009 9058
5010 2505
5011 9059
5012 2506
5013 9060
5014 2507
5015 9061
5016 2508
5017 9062
5018 2509
5019 9063
5020 2510
5021 9064
5022 2511
5023 9065
5024 2512
5025 9066
5026 2513
5027 9067
5028 2514
5029 9068
5030 2515
5031 9069
5032 2516
5033 9070
5034 2517
5035 9071
5036 2518
5037 9072
5038 2519
5039 9073
5040 2520
5041 9074
5042 2521
5043 9075
5044 2522
5045 9076
5046 2523
5047 9077
5048 2524
5049 9078
5050 2525
5051 9079
5052 2526
5053 9080
5054 2527
5055 9081
5056 2528
5057 9082
5058 2529
5059 9083
5060 2530
5061 9084
5062 2531
5063 9085
5064 2532
5065 9086
5066 2533
5067 9087
5068 2534
5069 9088
5070 2535
5071 9089
5072 2536
5073 9090
5074 2537
5075 9091
5076 2538
5077 9092
5078 2539
5079 9093
5080 2540
5081 9094
5082 2541
5083 9095
5084 2542
5085 9096
5086 2543
5087 9097
5088 2544
5089 9098
5090 2545
5091 9099
5092 2546
5093 9100
5094 2547
5095 9101
5096 2548
5097 9102
5098 2549
5099 9103
5100 2550
5101 9104
5102 2551
5103 9105
5104 2552
5105 9106
5106 2553
5107 9107
5108 2554
5109 9108
5110 2555
5111 9109
5112 2556
5113 9110
5114 2557
5115 9111
5116 2558
5117 9112
5118 2559
5119 9113
5120 2560
5121 9114
5122 2561
5123 9115
5124 2562
5125 9116
5126 2563
5127 9117
5128 2564
5129 9118
5130 2565
5131 9119
5132 2566
5133 9120
5134 2567
5135 9121
5136 2568
5137 9122
5138 2569
5139 9123
5140 2570
5141 9124
5142 2571
5143 9125
5144 2572
5145 9126
5146 2573
5147 9127
5148 2574
5149 9128
5150 2575
5151 9129
5152 2576
5153 9130
5154 2577
5155 9131
5156 2578
5157 9132
5158 2579
5159 9133
5160 2580
5161 9134
5162 2581
5163 9135
5164 2582
5165 9136
5166 2583
5167 9137
5168 2584
5169 9138
5170 2585
5171 9139
5172 2586
5173 9140
5174 2587
5175 9141
5176 2588
5177 9142
5178 2589
5179 9143
5180 2590
5181 9144
5182 2591
5183 9145
5184 2592
5185 9146
5186 2593
5187 9147
5188 2594
5189 9148
5190 2595
5191 9149
5192 2596
5193 9150
5194 2597
5195 9151
5196 2598
5197 9152
5198 2599
5199 9153
5200 2600
5201 9154
5202 2601
5203 9155
5204 2602
5205 9156
5206 2603
5207 9157
5208 2604
5209 9158
5210 2605
5211 9159
5212 2606
5213 9160
5214 2607
5215 9161
5216 2608
5217 9162
5218 2609
5219 9163
5220 2610
5221 9164
5222 2611
5223 9165
5224 2612
5225 9166
5226 2613
5227 9167
5228 2614
5229 9168
5230 2615
5231 9169
5232 2616
5233 9170
5234 2617
5235 9171
5236 2618
5237 9172
5238 2619
5239 9173
5240 2620
5241 9174
5242 2621
5243 9175
5244 2622
5245 9176
5246 2623
5247 9177
5248 2624
5249 9178
5250 2625
5251 9179
5252 2626
5253 9180
5254 2627
5255 9181
5256 2628
5257 9182
5258 2629
5259 9183
5260 2630
5261 9184
5262 2631
5263 9185
5264 2632
5265 9186
5266 2633
5267 9187
5268 2634
5269 9188
5270 2635
5271 9189
5272 2636
5273 9190
5274 2637
5275 9191
5276 2638
5277 9192
5278 2639
5279 9193
5280 2640
5281 9194
5282 2641
5283 9195
5284 2642
5285 9196
5286 2643
5287 9197
5288 2644
5289 9198
5290 2645
5291 9199
5292 2646
5293 9200
5294 2647
5295 9201
5296 2648
5297 9202
5298 2649
5299 9203
5300 2650
5301 9204
5302 2651
5303 9205
5304 2652
5305 9206
5306 2653
5307 9207
5308 2654
5309 9208
5310 2655
5311 9209
5312 2656
5313 9210
5314 2657
5315 9211
5316 2658
5317 9212
5318 2659
5319 9213
5320 2660
5321 9214
5322 2661
5323 9215
5324 2662
5325 9216
5326 2663
5327 9217
5328 2664
5329 9218
5330 2665
5331 9219
5332 2666
5333 9220
5334 2667
5335 9221
5336 2668
5337 9222
5338 2669
5339 9223
5340 2670
5341 9224
5342 2671
5343 9225
5344 2672
5345 9226
5346 2673
5347 9227
5348 2674
5349 9228
5350 2675
5351 9229
5352 2676
5353 9230
5354 2677
5355 9231
5356 2678
5357 9232
5358 2679
5359 9233
5360 2680
5361 9234
5362 2681
5363 9235
5364 2682
5365 9236
5366 2683
5367 9237
5368 2684
5369 9238
5370 2685
5371 9239
5372 2686
5373 9240
5374 2687
5375 9241
5376 2688
5377 9242
5378 2689
5379 9243
5380 2690
5381 9244
5382 2691
5383 9245
5384 2692
5385 9246
5386 2693
5387 9247
5388 2694
5389 9248
5390 2695
5391 9249
5392 2696
5393 9250
5394 2697
5395 9251
5396 2698
5397 9252
5398 2699
5399 9253
5400 2700
5401 9254
5402 2701
5403 9255
5404 2702
5405 9256
5406 2703
5407 9257
5408 2704
5409 9258
5410 2705
5411 9259
5412 2706
5413 9260
5414 2707
5415 9261
5416 2708
5417 9262
5418 2709
5419 9263
5420 2710
5421 9264
5422 2711
5423 9265
5424 2712
5425 9266
5426 2713
5427 9267
5428 2714
5429 9268
5430 2715
5431 9269
5432 2716
5433 9270
5434 2717
5435 9271
5436 2718
5437 9272
5438 2719
5439 9273
5440 2720
5441 9274
5442 2721
5443 9275
5444 2722
5445 9276
5446 2723
5447 9277
5448 2724
5449 9278
5450 2725
5451 9279
5452 2726
5453 9280
5454 2727
5455 9281
5456 2728
5457 9282
5458 2729
5459 9283
5460 2730
5461 9284
5462 2731
5463 9285
5464 2732
5465 9286
5466 2733
5467 9287
5468 2734
5469 9288
5470 2735
5471 9289
5472 2736
5473 9290
5474 2737
5475 9291
5476 2738
5477 9292
5478 2739
5479 9293
5480 2740
5481 9294
5482 2741
5483 9295
5484 2742
5485 9296
5486 2743
5487 9297
5488 2744
5489 9298
5490 2745
5491 9299
5492 2746
5493 9300
5494 2747
5495 9301
5496 2748
5497 9302
5498 2749
5499 9303
5500 2750
5501 9304
5502 2751
5503 9305
5504 2752
5505 9306
5506 2753
5507 9307
5508 2754
5509 9308
5510 2755
5511 9309
5512 2756
5513 9310
5514 2757
5515 9311
5516 2758
5517 9312
5518 2759
5519 9313
5520 2760
5521 9314
5522 2761
5523 9315
5524 2762
5525 9316
5526 2763
5527 9317
5528 2764
5529 9318
5530 2765
5531 9319
5532 2766
5533 9320
5534 2767
5535 9321
5536 2768
5537 9322
5538 2769
5539 9323
5540 2770
5541 9324
5542 2771
5543 9325
5544 2772
5545 9326
5546 2773
5547 9327
5548 2774
5549 9328
5550 2775
5551 9329
5552 2776
5553 9330
5554 2777
5555 9331
5556 2778
5557 9332
5558 2779
5559 9333
5560 2780
5561 9334
5562 2781
5563 9335
5564 2782
5565 9336
5566 2783
5567 9337
5568 2784
5569 9338
5570 2785
5571 9339
5572 2786
5573 9340
5574 2787
5575 9341
5576 2788
5577 9342
5578 2789
5579 9343
5580 2790
5581 9344
5582 2791
5583 9345
5584 2792
5585 9346
5586 2793
5587 9347
5588 2794
5589 9348
5590 2795
5591 9349
5592 2796
5593 9350
5594 2797
5595 9351
5596 2798
5597 9352
5598 2799
5599 9353
5600 2800
5601 9354
5602 2801
5603 9355
5604 2802
5605 9356
5606 2803
5607 9357
5608 2804
5609 9358
5610 2805
5611 9359
5612 2806
5613 9360
5614 2807
5615 9361
5616 2808
5617 9362
5618 2809
5619 9363
5620 2810
5621 9364
5622 2811
5623 9365
5624 2812
5625 9366
5626 2813
5627 9367
5628 2814
5629 9368
5630 2815
5631 9369
5632 2816
5633 9370
5634 2817
5635 9371
5636 2818
5637 9372
5638 2819
5639 9373
5640 2820
5641 9374
5642 2821
5643 9375
5644 2822
5645 9376
5646 2823
5647 9377
5648 2824
5649 9378
5650 2825
5651 9379
5652 2826
5653 9380
5654 2827
5655 9381
5656 2828
5657 9382
5658 2829
5659 9383
5660 2830
5661 9384
5662 2831
5663 9385
5664 2832
5665 9386
5666 2833
5667 9387
5668 2834
5669 9388
5670 2835
5671 9389
5672 2836
5673 9390
5674 2837
5675 9391
5676 2838
5677 9392
5678 2839
5679 9393
5680 2840
5681 9394
5682 2841
5683 9395
5684 2842
5685 9396
5686 2843
5687 9397
5688 2844
5689 9398
5690 2845
5691 9399
5692 2846
5693 9400
5694 2847
5695 9401
5696 2848
5697 9402
5698 2849
5699 9403
5700 2850
5701 9404
5702 2851
5703 9405
5704 2852
5705 9406
5706 2853
5707 9407
5708 2854
5709 9408
5710 2855
5711 9409
5712 2856
5713 9410
5714 2857
5715 9411
5716 2858
5717 9412
5718 2859
5719 9413
5720 2860
5721 9414
5722 2861
5723 9415
5724 2862
5725 9416
5726 2863
5727 9417
5728 2864
5729 9418
5730 2865
5731 9419
5732 2866
5733 9420
5734 2867
5735 9421
5736 2868
5737 9422
5738 2869
5739 9423
5740 2870
5741 9424
5742 2871
5743 9425
5744 2872
5745 9426
5746 2873
5747 9427
5748 2874
5749 9428
5750 2875
5751 9429
5752 2876
5753 9430
5754 2877
5755 9431
5756 2878
5757 9432
5758 2879
5759 9433
5760 2880
5761 9434
5762 2881
5763 9435
5764 2882
5765 9436
5766 2883
5767 9437
5768 2884
5769 9438
5770 2885
5771 9439
5772 2886
5773 9440
5774 2887
5775 9441
5776 2888
5777 9442
5778 2889
5779 9443
5780 2890
5781 9444
5782 2891
5783 9445
5784 2892
5785 9446
5786 2893
5787 9447
5788 2894
5789 9448
5790 2895
5791 9449
5792 2896
5793 9450
5794 2897
5795 9451
5796 2898
5797 9452
5798 2899
5799 9453
5800 2900
5801 9454
5802 2901
5803 9455
5804 2902
5805 9456
5806 2903
5807 9457
5808 2904
5809 9458
5810 2905
5811 9459
5812 2906
5813 9460
5814 2907
5815 9461
5816 2908
5817 9462
5818 2909
5819 9463
5820 2910
5821 9464
5822 2911
5823 9465
5824 2912
5825 9466
5826 2913
5827 9467
5828 2914
5829 9468
5830 2915
5831 9469
5832 2916
5833 9470
5834 2917
5835 9471
5836 2918
5837 9472
5838 2919
5839 9473
5840 2920
5841 9474
5842 2921
5843 9475
5844 2922
5845 9476
5846 2923
5847 9477
5848 2924
5849 9478
5850 2925
5851 9479
5852 2926
5853 9480
5854 2927
5855 9481
5856 2928
5857 9482
5858 2929
5859 9483
5860 2930
5861 9484
5862 2931
5863 9485
5864 2932
5865 9486
5866 2933
5867 9487
5868 2934
5869 9488
5870 2935
5871 9489
5872 2936
5873 9490
5874 2937
5875 9491
5876 2938
5877 9492
5878 2939
5879 9493
5880 2940
5881 9494
5882 2941
5883 9495
5884 2942
5885 9496
5886 2943
5887 9497
5888 2944
5889 9498
5890 2945
5891 9499
5892 2946
5893 9500
5894 2947
5895 9501
5896 2948
5897 9502
5898 2949
5899 9503
5900 2950
5901 9504
5902 2951
5903 9505
5904 2952
5905 9506
5906 2953
5907 9507
5908 2954
5909 9508
5910 2955
5911 9509
5912 2956
5913 9510
5914 2957
5915 9511
5916 2958
5917 9512
5918 2959
5919 9513
5920 2960
5921 9514
5922 2961
5923 9515
5924 2962
5925 9516
5926 2963
5927 9517
5928 2964
5929 9518
5930 2965
5931 9519
5932 2966
5933 9520
5934 2967
5935 9521
5936 2968
5937 9522
5938 2969
5939 9523
5940 2970
5941 9524
5942 2971
5943 9525
5944 2972
5945 9526
5946 2973
5947 9527
5948 2974
5949 9528
5950 2975
5951 9529
5952 2976
5953 9530
5954 2977
5955 9531
5956 2978
5957 9532
5958 2979
5959 9533
5960 2980
5961 9534
5962 2981
5963 9535
5964 2982
5965 9536
5966 2983
5967 9537
5968 2984
5969 9538
5970 2985
5971 9539
5972 2986
5973 9540
5974 2987
5975 9541
5976 2988
5977 9542
5978 2989
5979 9543
5980 2990
5981 9544
5982 2991
5983 9545
5984 2992
5985 9546
5986 2993
5987 9547
5988 2994
5989 9548
5990 2995
5991 9549
5992 2996
5993 9550
5994 2997
5995 9551
5996 2998
5997 9552
5998 2999
5999 9553
6000 3000
6001 9554
6002 3001
6003 9555
6004 3002
6005 9556
6006 3003
6007 9557
6008 3004
6009 9558
6010 3005
6011 9559
6012 3006
6013 9560
6014 3007
6015 9561
6016 3008
6017 9562
6018 3009
6019 9563
6020 3010
6021 9564
6022 3011
6023 9565
6024 3012
6025 9566
6026 3013
6027 9567
6028 3014
6029 9568
6030 3015
6031 9569
6032 3016
6033 9570
6034 3017
6035 9571
6036 3018
6037 9572
6038 3019
6039 9573
6040 3020
6041 9574
6042 3021
6043 9575
6044 3022
6045 9576
6046 3023
6047 9577
6048 3024
6049 9578
6050 3025
6051 9579
6052 3026
6053 9580
6054 3027
6055 9581
6056 3028
6057 9582
6058 3029
6059 9583
6060 3030
6061 9584
6062 3031
6063 9585
6064 3032
6065 9586
6066 3033
6067 9587
6068 3034
6069 9588
6070 3035
6071 9589
6072 3036
6073 9590
6074 3037
6075 9591
6076 3038
6077 9592
6078 3039
6079 9593
6080 3040
6081 9594
6082 3041
6083 9595
6084 3042
6085 9596
6086 3043
6087 9597
6088 3044
6089 9598
6090 3045
6091 9599
6092 3046
6093 9600
6094 3047
6095 9601
6096 3048
6097 9602
6098 3049
6099 9603
6100 3050
6101 9604
6102 3051
6103 9605
6104 3052
6105 9606
6106 3053
6107 9607
6108 3054
6109 9608
6110 3055
6111 9609
6112 3056
6113 9610
6114 3057
6115 9611
6116 3058
6117 9612
6118 3059
6119 9613
6120 3060
6121 9614
6122 3061
6123 9615
6124 3062
6125 9616
6126 3063
6127 9617
6128 3064
6129 9618
6130 3065
6131 9619
6132 3066
6133 9620
6134 3067
6135 9621
6136 3068
6137 9622
6138 3069
6139 9623
6140 3070
6141 9624
6142 3071
6143 9625
6144 3072
6145 9626
6146 3073
6147 9627
6148 3074
6149 9628
6150 3075
6151 9629
6152 3076
6153 9630
6154 3077
6155 9631
6156 3078
6157 9632
6158 3079
6159 9633
6160 3080
6161 9634
6162 3081
6163 9635
6164 3082
6165 9636
6166 3083
6167 9637
6168 3084
6169 9638
6170 3085
6171 9639
6172 3086
6173 9640
6174 3087
6175 9641
6176 3088
6177 9642
6178 3089
6179 9643
6180 3090
6181 9644
6182 3091
6183 9645
6184 3092
6185 9646
6186 3093
6187 9647
6188 3094
6189 9648
6190 3095
6191 9649
6192 3096
6193 9650
6194 3097
6195 9651
6196 3098
6197 9652
6198 3099
6199 9653
6200 3100
6201 9654
6202 3101
6203 9655
6204 3102
6205 9656
6206 3103
6207 9657
6208 3104
6209 9658
6210 3105
6211 9659
6212 3106
6213 9660
6214 3107
6215 9661
6216 3108
6217 9662
6218 3109
6219 9663
6220 3110
6221 9664
6222 3111
6223 9665
6224 3112
6225 9666
6226 3113
6227 9667
6228 3114
6229 9668
6230 3115
6231 9669
6232 3116
6233 9670
6234 3117
6235 9671
6236 3118
6237 9672
6238 3119
6239 9673
6240 3120
6241 9674
6242 3121
6243 9675
6244 3122
6245 9676
6246 3123
6247 9677
6248 3124
6249 9678
6250 3125
6251 9679
6252 3126
6253 9680
6254 3127
6255 9681
6256 3128
6257 9682
6258 3129
6259 9683
6260 3130
6261 9684
6262 3131
6263 9685
6264 3132
6265 9686
6266 3133
6267 9687
6268 3134
6269 9688
6270 3135
6271 9689
6272 3136
6273 9690
6274 3137
6275 9691
6276 3138
6277 9692
6278 3139
6279 9693
6280 3140
6281 9694
6282 3141
6283 9695
6284 3142
6285 9696
6286 3143
6287 9697
6288 3144
6289 9698
6290 3145
6291 9699
6292 3146
6293 9700
6294 3147
6295 9701
6296 3148
6297 9702
6298 3149
6299 9703
6300 3150
6301 9704
6302 3151
6303 9705
6304 3152
6305 9706
6306 3153
6307 9707
6308 3154
6309 9708
6310 3155
6311 9709
6312 3156
6313 9710
6314 3157
6315 9711
6316 3158
6317 9712
6318 3159
6319 9713
6320 3160
6321 9714
6322 3161
6323 9715
6324 3162
6325 9716
6326 3163
6327 9717
6328 3164
6329 9718
6330 3165
6331 9719
6332 3166
6333 9720
6334 3167
6335 9721
6336 3168
6337 9722
6338 3169
6339 9723
6340 3170
6341 9724
6342 3171
6343 9725
6344 3172
6345 9726
6346 3173
6347 9727
6348 3174
6349 9728
6350 3175
6351 9729
6352 3176
6353 9730
6354 3177
6355 9731
6356 3178
6357 9732
6358 3179
6359 9733
6360 3180
6361 9734
6362 3181
6363 9735
6364 3182
6365 9736
6366 3183
6367 9737
6368 3184
6369 9738
6370 3185
6371 9739
6372 3186
6373 9740
6374 3187
6375 9741
6376 3188
6377 9742
6378 3189
6379 9743
6380 3190
6381 9744
6382 3191
6383 9745
6384 3192
6385 9746
6386 3193
6387 9747
6388 3194
6389 9748
6390 3195
6391 9749
6392 3196
6393 9750
6394 3197
6395 9751
6396 3198
6397 9752
6398 3199
6399 9753
6400 3200
6401 9754
6402 3201
6403 9755
6404 3202
6405 9756
6406 3203
6407 9757
6408 3204
6409 9758
6410 3205
6411 9759
6412 3206
6413 9760
6414 3207
6415 9761
6416 3208
6417 9762
6418 3209
6419 9763
6420 3210
6421 9764
6422 3211
6423 9765
6424 3212
6425 9766
6426 3213
6427 9767
6428 3214
6429 9768
6430 3215
6431 9769
6432 3216
6433 9770
6434 3217
6435 9771
6436 3218
6437 9772
6438 3219
6439 9773
6440 3220
6441 9774
6442 3221
6443 9775
6444 3222
6445 9776
6446 3223
6447 9777
6448 3224
6449 9778
6450 3225
6451 9779
6452 3226
6453 9780
6454 3227
6455 9781
6456 3228
6457 9782
6458 3229
6459 9783
6460 3230
6461 9784
6462 3231
6463 9785
6464 3232
6465 9786
6466 3233
6467 9787
6468 3234
6469 9788
6470 3235
6471 9789
6472 3236
6473 9790
6474 3237
6475 9791
6476 3238
6477 9792
6478 3239
6479 9793
6480 3240
6481 9794
6482 3241
6483 9795
6484 3242
6485 9796
6486 3243
6487 9797
6488 3244
6489 9798
6490 3245
6491 9799
6492 3246
6493 9800
6494 3247
6495 9801
6496 3248
6497 9802
6498 3249
6499 9803
6500 3250
6501 9804
6502 3251
6503 9805
6504 3252
6505 9806
6506 3253
6507 9807
6508 3254
6509 9808
6510 3255
6511 9809
6512 3256
6513 9810
6514 3257
6515 9811
6516 3258
6517 9812
6518 3259
6519 9813
6520 3260
6521 9814
6522 3261
6523 9815
6524 3262
6525 9816
6526 3263
6527 9817
6528 3264
6529 9818
6530 3265
6531 9819
6532 3266
6533 9820
6534 3267
6535 9821
6536 3268
6537 9822
6538 3269
6539 9823
6540 3270
6541 9824
6542 3271
6543 9825
6544 3272
6545 9826
6546 3273
6547 9827
6548 3274
6549 9828
6550 3275
6551 9829
6552 3276
6553 9830
6554 3277
6555 9831
6556 3278
6557 9832
6558 3279
6559 9833
6560 3280
6561 9834
6562 3281
6563 9835
6564 3282
6565 9836
6566 3283
6567 9837
6568 3284
6569 9838
6570 3285
6571 9839
6572 3286
6573 9840
6574 3287
6575 9841
6576 3288
6577 9842
6578 3289
6579 9843
6580 3290
6581 9844
6582 3291
6583 9845
6584 3292
6585 9846
6586 3293
6587 9847
6588 3294
6589 9848
6590 3295
6591 9849
6592 3296
6593 9850
6594 3297
6595 9851
6596 3298
6597 9852
6598 3299
6599 9853
6600 3300
6601 9854
6602 3301
6603 9855
6604 3302
6605 9856
6606 3303
6607 9857
6608 3304
6609 9858
6610 3305
6611 9859
6612 3306
6613 9860
6614 3307
6615 9861
6616 3308
6617 9862
6618 3309
6619 9863
6620 3310
6621 9864
6622 3311
6623 9865
6624 3312
6625 9866
6626 3313
6627 9867
6628 3314
6629 9868
6630 3315
6631 9869
6632 3316
6633 9870
6634 3317
6635 9871
6636 3318
6637 9872
6638 3319
6639 9873
6640 3320
6641 9874
6642 3321
6643 9875
6644 3322
6645 9876
6646 3323
6647 9877
6648 3324
6649 9878
6650 3325
6651 9879
6652 3326
6653 9880
6654 3327
6655 9881
6656 3328
6657 9882
6658 3329
6659 9883
6660 3330
6661 9884
6662 3331
6663 9885
6664 3332
6665 9886
6666 3333
6667 9887
6668 3334
6669 9888
6670 3335
6671 9889
6672 3336
6673 9890
6674 3337
6675 9891
6676 3338
6677 9892
6678 3339
6679 9893
6680 3340
6681 9894
6682 3341
6683 9895
6684 3342
6685 9896
6686 3343
6687 9897
6688 3344
6689 9898
6690 3345
6691 9899
6692 3346
6693 9900
6694 3347
6695 9901
6696 3348
6697 9902
6698 3349
6699 9903
6700 3350
6701 9904
6702 3351
6703 9905
6704 3352
6705 9906
6706 3353
6707 9907
6708 3354
6709 9908
6710 3355
6711 9909
6712 3356
6713 9910
6714 3357
6715 9911
6716 3358
6717 9912
6718 3359
6719 9913
6720 3360
6721 9914
6722 3361
6723 9915
6724 3362
6725 9916
6726 3363
6727 9917
6728 3364
6729 9918
6730 3365
6731 9919
6732 3366
6733 9920
6734 3367
6735 9921
6736 3368
6737 9922
6738 3369
6739 9923
6740 3370
6741 9924
6742 3371
6743 9925
6744 3372
6745 9926
6746 3373
6747 9927
6748 3374
6749 9928
6750 3375
6751 9929
6752 3376
6753 9930
6754 3377
6755 9931
6756 3378
6757 9932
6758 3379
6759 9933
6760 3380
6761 9934
6762 3381
6763 9935
6764 3382
6765 9936
6766 3383
6767 9937
6768 3384
6769 9938
6770 3385
6771 9939
6772 3386
6773 9940
6774 3387
6775 9941
6776 3388
6777 9942
6778 3389
6779 9943
6780 3390
6781 9944
6782 3391
6783 9945
6784 3392
6785 9946
6786 3393
6787 9947
6788 3394
6789 9948
6790 3395
6791 9949
6792 3396
6793 9950
6794 3397
6795 9951
6796 3398
6797 9952
6798 3399
6799 9953
6800 3400
6801 9954
6802 3401
6803 9955
6804 3402
6805 9956
6806 3403
6807 9957
6808 3404
6809 9958
6810 3405
6811 9959
6812 3406
6813 9960
6814 3407
6815 9961
6816 3408
6817 9962
6818 3409
6819 9963
6820 3410
6821 9964
6822 3411
6823 9965
6824 3412
6825 9966
6826 3413
6827 9967
6828 3414
6829 9968
6830 3415
6831 9969
6832 3416
6833 9970
6834 3417
6835 9971
6836 3418
6837 9972
6838 3419
6839 9973
6840 3420
6841 9974
6842 3421
6843 9975
6844 3422
6845 9976
6846 3423
6847 9977
6848 3424
6849 9978
6850 3425
6851 9979
6852 3426
6853 9980
6854 3427
6855 9981
6856 3428
6857 9982
6858 3429
6859 9983
6860 3430
6861 9984
6862 3431
6863 9985
6864 3432
6865 9986
6866 3433
6867 9987
6868 3434
6869 9988
6870 3435
6871 9989
6872 3436
6873 9990
6874 3437
6875 9991
6876 3438
6877 9992
6878 3439
6879 9993
6880 3440
6881 9994
6882 3441
6883 9995
6884 3442
6885 9996
6886 3443
6887 9997
6888 3444
6889 9998
6890 3445
6891 9999
6892 3446
6893 10000
6894 3447
6895 10001
6896 3448
6897 10002
6898 3449
6899 10003
6900 3450
6901 10004
6902 3451
6903 10005
6904 3452
6905 10006
6906 3453
6907 10007
6908 3454
6909 10008
6910 3455
6911 10009
6912 3456
6913 10010
6914 3457
6915 10011
6916 3458
6917 10012
6918 3459
6919 10013
6920 3460
6921 10014
6922 3461
6923 10015
6924 3462
6925 10016
6926 3463
6927 10017
6928 3464
6929 10018
6930 3465
6931 10019
6932 3466
6933 10020
6934 3467
6935 10021
6936 3468
6937 10022
6938 3469
6939 10023
6940 3470
6941 10024
6942 3471
6943 10025
6944 3472
6945 10026
6946 3473
6947 10027
6948 3474
6949 10028
6950 3475
6951 10029
6952 3476
6953 10030
6954 3477
6955 10031
6956 3478
6957 10032
6958 3479
6959 10033
6960 3480
6961 10034
6962 3481
6963 10035
6964 3482
6965 10036
6966 3483
6967 10037
6968 3484
6969 10038
6970 3485
6971 10039
6972 3486
6973 10040
6974 3487
6975 10041
6976 3488
6977 10042
6978 3489
6979 10043
6980 3490
6981 10044
6982 3491
6983 10045
6984 3492
6985 10046
6986 3493
6987 10047
6988 3494
6989 10048
6990 3495
6991 10049
6992 3496
6993 10050
6994 3497
6995 10051
6996 3498
6997 10052
6998 3499
6999 10053
7000 3500
7001 10054
7002 3501
7003 10055
7004 3502
7005 10056
7006 3503
7007 10057
7008 3504
7009 10058
7010 3505
7011 10059
7012 3506
7013 10060
7014 3507
7015 10061
7016 3508
7017 10062
7018 3509
7019 10063
7020 3510
7021 10064
7022 3511
7023 10065
7024 3512
7025 10066
7026 3513
7027 10067
7028 3514
7029 10068
7030 3515
7031 10069
7032 3516
7033 10070
7034 3517
7035 10071
7036 3518
7037 10072
7038 3519
7039 10073
7040 3520
7041 10074
7042 3521
7043 10075
7044 3522
7045 10076
7046 3523
7047 10077
7048 3524
7049 10078
7050 3525
7051 10079
7052 3526
7053 10080
7054 3527
7055 10081
7056 3528
7057 10082
7058 3529
7059 10083
7060 3530
7061 10084
7062 3531
7063 10085
7064 3532
7065 10086
7066 3533
7067 10087
7068 3534
7069 10088
7070 3535
7071 10089
7072 3536
7073 10090
7074 3537
7075 10091
7076 3538
7077 10092
7078 3539
7079 10093
7080 3540
7081 10094
7082 3541
7083 10095
7084 3542
7085 10096
7086 3543
7087 10097
7088 3544
7089 10098
7090 3545
7091 10099
7092 3546
7093 10100
7094 3547
7095 10101
7096 3548
7097 10102
7098 3549
7099 10103
7100 3550
7101 10104
7102 3551
7103 10105
7104 3552
7105 10106
7106 3553
7107 10107
7108 3554
7109 10108
7110 3555
7111 10109
7112 3556
7113 10110
7114 3557
7115 10111
7116 3558
7117 10112
7118 3559
7119 10113
7120 3560
7121 10114
7122 3561
7123 10115
7124 3562
7125 10116
7126 3563
7127 10117
7128 3564
7129 10118
7130 3565
7131 10119
7132 3566
7133 10120
7134 3567
7135 10121
7136 3568
7137 10122
7138 3569
7139 10123
7140 3570
7141 10124
7142 3571
7143 10125
7144 3572
7145 10126
7146 3573
7147 10127
7148 3574
7149 10128
7150 3575
7151 10129
7152 3576
7153 10130
7154 3577
7155 10131
7156 3578
7157 10132
7158 3579
7159 10133
7160 3580
7161 10134
7162 3581
7163 10135
7164 3582
7165 10136
7166 3583
7167 10137
7168 3584
7169 10138
7170 3585
7171 10139
7172 3586
7173 10140
7174 3587
7175 10141
7176 3588
7177 10142
7178 3589
7179 10143
7180 3590
7181 10144
7182 3591
7183 10145
7184 3592
7185 10146
7186 3593
7187 10147
7188 3594
7189 10148
7190 3595
7191 10149
7192 3596
7193 10150
7194 3597
7195 10151
7196 3598
7197 10152
7198 3599
7199 10153
7200 3600
7201 10154
7202 3601
7203 10155
7204 3602
7205 10156
7206 3603
7207 10157
7208 3604
7209 10158
7210 3605
7211 10159
7212 3606
7213 10160
7214 3607
7215 10161
7216 3608
7217 10162
7218 3609
7219 10163
7220 3610
7221 10164
7222 3611
7223 10165
7224 3612
7225 10166
7226 3613
7227 10167
7228 3614
7229 10168
7230 3615
7231 10169
7232 3616
7233 10170
7234 3617
7235 10171
7236 3618
7237 10172
7238 3619
7239 10173
7240 3620
7241 10174
7242 3621
7243 10175
7244 3622
7245 10176
7246 3623
7247 10177
7248 3624
7249 10178
7250 3625
7251 10179
7252 3626
7253 10180
7254 3627
7255 10181
7256 3628
7257 10182
7258 3629
7259 10183
7260 3630
7261 10184
7262 3631
7263 10185
7264 3632
7265 10186
7266 3633
7267 10187
7268 3634
7269 10188
7270 3635
7271 10189
7272 3636
7273 10190
7274 3637
7275 10191
7276 3638
7277 10192
7278 3639
7279 10193
7280 3640
7281 10194
7282 3641
7283 10195
7284 3642
7285 10196
7286 3643
7287 10197
7288 3644
7289 10198
7290 3645
7291 10199
7292 3646
7293 10200
7294 3647
7295 10201
7296 3648
7297 10202
7298 3649
7299 10203
7300 3650
7301 10204
7302 3651
7303 10205
7304 3652
7305 10206
7306 3653
7307 10207
7308 3654
7309 10208
7310 3655
7311 10209
7312 3656
7313 10210
7314 3657
7315 10211
7316 3658
7317 10212
7318 3659
7319 10213
7320 3660
7321 10214
7322 3661
7323 10215
7324 3662
7325 10216
7326 3663
7327 10217
7328 3664
7329 10218
7330 3665
7331 10219
7332 3666
7333 10220
7334 3667
7335 10221
7336 3668
7337 10222
7338 3669
7339 10223
7340 3670
7341 10224
7342 3671
7343 10225
7344 3672
7345 10226
7346 3673
7347 10227
7348 3674
7349 10228
7350 3675
7351 10229
7352 3676
7353 10230
7354 3677
7355 10231
7356 3678
7357 10232
7358 3679
7359 10233
7360 3680
7361 10234
7362 3681
7363 10235
7364 3682
7365 10236
7366 3683
7367 10237
7368 3684
7369 10238
7370 3685
7371 10239
7372 3686
7373 10240
7374 3687
7375 10241
7376 3688
7377 10242
7378 3689
7379 10243
7380 3690
7381 10244
7382 3691
7383 10245
7384 3692
7385 10246
7386 3693
7387 10247
7388 3694
7389 10248
7390 3695
7391 10249
7392 3696
7393 10250
7394 3697
7395 10251
7396 3698
7397 10252
7398 3699
7399 10253
7400 3700
7401 10254
7402 3701
7403 10255
7404 3702
7405 10256
7406 3703
7407 10257
7408 3704
7409 10258
7410 3705
7411 10259
7412 3706
7413 10260
7414 3707
7415 10261
7416 3708
7417 10262
7418 3709
7419 10263
7420 3710
7421 10264
7422 3711
7423 10265
7424 3712
7425 10266
7426 3713
7427 10267
7428 3714
7429 10268
7430 3715
7431 10269
7432 3716
7433 10270
7434 3717
7435 10271
7436 3718
7437 10272
7438 3719
7439 10273
7440 3720
7441 10274
7442 3721
7443 10275
7444 3722
7445 10276
7446 3723
7447 10277
7448 3724
7449 10278
7450 3725
7451 10279
7452 3726
7453 10280
7454 3727
7455 10281
7456 3728
7457 10282
7458 3729
7459 10283
7460 3730
7461 10284
7462 3731
7463 10285
7464 3732
7465 10286
7466 3733
7467 10287
7468 3734
7469 10288
7470 3735
7471 10289
7472 3736
7473 10290
7474 3737
7475 10291
7476 3738
7477 10292
7478 3739
7479 10293
7480 3740
7481 10294
7482 3741
7483 10295
7484 3742
7485 10296
7486 3743
7487 10297
7488 3744
7489 10298
7490 3745
7491 10299
7492 3746
7493 10300
7494 3747
7495 10301
7496 3748
7497 10302
7498 3749
7499 10303
7500 3750
7501 10304
7502 3751
7503 10305
7504 3752
7505 10306
7506 3753
7507 10307
7508 3754
7509 10308
7510 3755
7511 10309
7512 3756
7513 10310
7514 3757
7515 10311
7516 3758
7517 10312
7518 3759
7519 10313
7520 3760
7521 10314
7522 3761
7523 10315
7524 3762
7525 10316
7526 3763
7527 10317
7528 3764
7529 10318
7530 3765
7531 10319
7532 3766
7533 10320
7534 3767
7535 10321
7536 3768
7537 10322
7538 3769
7539 10323
7540 3770
7541 10324
7542 3771
7543 10325
7544 3772
7545 10326
7546 3773
7547 10327
7548 3774
7549 10328
7550 3775
7551 10329
7552 3776
7553 10330
7554 3777
7555 10331
7556 3778
7557 10332
7558 3779
7559 10333
7560 3780
7561 10334
7562 3781
7563 10335
7564 3782
7565 10336
7566 3783
7567 10337
7568 3784
7569 10338
7570 3785
7571 10339
7572 3786
7573 10340
7574 3787
7575 10341
7576 3788
7577 10342
7578 3789
7579 10343
7580 3790
7581 10344
7582 3791
7583 10345
7584 3792
7585 10346
7586 3793
7587 10347
7588 3794
7589 10348
7590 3795
7591 10349
7592 3796
7593 10350
7594 3797
7595 10351
7596 3798
7597 10352
7598 3799
7599 10353
7600 3800
7601 10354
7602 3801
7603 10355
7604 3802
7605 10356
7606 3803
7607 10357
7608 3804
7609 10358
7610 3805
7611 10359
7612 3806
7613 10360
7614 3807
7615 10361
7616 3808
7617 10362
7618 3809
7619 10363
7620 3810
7621 10364
7622 3811
7623 10365
7624 3812
7625 10366
7626 3813
7627 10367
7628 3814
7629 10368
7630 3815
7631 10369
7632 3816
7633 10370
7634 3817
7635 10371
7636 3818
7637 10372
7638 3819
7639 10373
7640 3820
7641 10374
7642 3821
7643 10375
7644 3822
7645 10376
7646 3823
7647 10377
7648 3824
7649 10378
7650 3825
7651 10379
7652 3826
7653 10380
7654 3827
7655 10381
7656 3828
7657 10382
7658 3829
7659 10383
7660 3830
7661 10384
7662 3831
7663 10385
7664 3832
7665 10386
7666 3833
7667 10387
7668 3834
7669 10388
7670 3835
7671 10389
7672 3836
7673 10390
7674 3837
7675 10391
7676 3838
7677 10392
7678 3839
7679 10393
7680 3840
7681 10394
7682 3841
7683 10395
7684 3842
7685 10396
7686 3843
7687 10397
7688 3844
7689 10398
7690 3845
7691 10399
7692 3846
7693 10400
7694 3847
7695 10401
7696 3848
7697 10402
7698 3849
7699 10403
7700 3850
7701 10404
7702 3851
7703 10405
7704 3852
7705 10406
7706 3853
7707 10407
7708 3854
7709 10408
7710 3855
7711 10409
7712 3856
7713 10410
7714 3857
7715 10411
7716 3858
7717 10412
7718 3859
7719 10413
7720 3860
7721 10414
7722 3861
7723 10415
7724 3862
7725 10416
7726 3863
7727 10417
7728 3864
7729 10418
7730 3865
7731 10419
7732 3866
7733 10420
7734 3867
7735 10421
7736 3868
7737 10422
7738 3869
7739 10423
7740 3870
7741 10424
7742 3871
7743 10425
7744 3872
7745 10426
7746 3873
7747 10427
7748 3874
7749 10428
7750 3875
7751 10429
7752 3876
7753 10430
7754 3877
7755 10431
7756 3878
7757 10432
7758 3879
7759 10433
7760 3880
7761 10434
7762 3881
7763 10435
7764 3882
7765 10436
7766 3883
7767 10437
7768 3884
7769 10438
7770 3885
7771 10439
7772 3886
7773 10440
7774 3887
7775 10441
7776 3888
7777 10442
7778 3889
7779 10443
7780 3890
7781 10444
7782 3891
7783 10445
7784 3892
7785 10446
7786 3893
7787 10447
7788 3894
7789 10448
7790 3895
7791 10449
7792 3896
7793 10450
7794 3897
7795 10451
7796 3898
7797 10452
7798 3899
7799 10453
7800 3900
7801 10454
7802 3901
7803 10455
7804 3902
7805 10456
7806 3903
7807 10457
7808 3904
7809 10458
7810 3905
7811 10459
7812 3906
7813 10460
7814 3907
7815 10461
7816 3908
7817 10462
7818 3909
7819 10463
7820 3910
7821 10464
7822 3911
7823 10465
7824 3912
7825 10466
7826 3913
7827 10467
7828 3914
7829 10468
7830 3915
7831 10469
7832 3916
7833 10470
7834 3917
7835 10471
7836 3918
7837 10472
7838 3919
7839 10473
7840 3920
7841 10474
7842 3921
7843 10475
7844 3922
7845 10476
7846 3923
7847 10477
7848 3924
7849 10478
7850 3925
7851 10479
7852 3926
7853 10480
7854 3927
7855 10481
7856 3928
7857 10482
7858 3929
7859 10483
7860 3930
7861 10484
7862 3931
7863 10485
7864 3932
7865 10486
7866 3933
7867 10487
7868 3934
7869 10488
7870 3935
7871 10489
7872 3936
7873 10490
7874 3937
7875 10491
7876 3938
7877 10492
7878 3939
7879 10493
7880 3940
7881 10494
7882 3941
7883 10495
7884 3942
7885 10496
7886 3943
7887 10497
7888 3944
7889 10498
7890 3945
7891 10499
7892 3946
7893 10500
7894 3947
7895 10501
7896 3948
7897 10502
7898 3949
7899 10503
7900 3950
7901 10504
7902 3951
7903 10505
7904 3952
7905 10506
7906 3953
7907 10507
7908 3954
7909 10508
7910 3955
7911 10509
7912 3956
7913 10510
7914 3957
7915 10511
7916 3958
7917 10512
7918 3959
7919 10513
7920 3960
7921 10514
7922 3961
7923 10515
7924 3962
7925 10516
7926 3963
7927 10517
7928 3964
7929 10518
7930 3965
7931 10519
7932 3966
7933 10520
7934 3967
7935 10521
7936 3968
7937 10522
7938 3969
7939 10523
7940 3970
7941 10524
7942 3971
7943 10525
7944 3972
7945 10526
7946 3973
7947 10527
7948 3974
7949 10528
7950 3975
7951 10529
7952 3976
7953 10530
7954 3977
7955 10531
7956 3978
7957 10532
7958 3979
7959 10533
7960 3980
7961 10534
7962 3981
7963 10535
7964 3982
7965 10536
7966 3983
7967 10537
7968 3984
7969 10538
7970 3985
7971 10539
7972 3986
7973 10540
7974 3987
7975 10541
7976 3988
7977 10542
7978 3989
7979 10543
7980 3990
7981 10544
7982 3991
7983 10545
7984 3992
7985 10546
7986 3993
7987 10547
7988 3994
7989 10548
7990 3995
7991 10549
7992 3996
7993 10550
7994 3997
7995 10551
7996 3998
7997 10552
7998 3999
7999 10553
8000 4000
8001 10554
8002 4001
8003 10555
8004 4002
8005 10556
8006 4003
8007 10557
8008 4004
8009 10558
8010 4005
8011 10559
8012 4006
8013 10560
8014 4007
8015 10561
8016 4008
8017 10562
8018 4009
8019 10563
8020 4010
8021 10564
8022 4011
8023 10565
8024 4012
8025 10566
8026 4013
8027 10567
8028 4014
8029 10568
8030 4015
8031 10569
8032 4016
8033 10570
8034 4017
8035 10571
8036 4018
8037 10572
8038 4019
8039 10573
8040 4020
8041 10574
8042 4021
8043 10575
8044 4022
8045 10576
8046 4023
8047 10577
8048 4024
8049 10578
8050 4025
8051 10579
8052 4026
8053 10580
8054 4027
8055 10581
8056 4028
8057 10582
8058 4029
8059 10583
8060 4030
8061 10584
8062 4031
8063 10585
8064 4032
8065 10586
8066 4033
8067 10587
8068 4034
8069 10588
8070 4035
8071 10589
8072 4036
8073 10590
8074 4037
8075 10591
8076 4038
8077 10592
8078 4039
8079 10593
8080 4040
8081 10594
8082 4041
8083 10595
8084 4042
8085 10596
8086 4043
8087 10597
8088 4044
8089 10598
8090 4045
8091 10599
8092 4046
8093 10600
8094 4047
8095 10601
8096 4048
8097 10602
8098 4049
8099 10603
8100 4050
8101 10604
8102 4051
8103 10605
8104 4052
8105 10606
8106 4053
8107 10607
8108 4054
8109 10608
8110 4055
8111 10609
8112 4056
8113 10610
8114 4057
8115 10611
8116 4058
8117 10612
8118 4059
8119 10613
8120 4060
8121 10614
8122 4061
8123 10615
8124 4062
8125 10616
8126 4063
8127 10617
8128 4064
8129 10618
8130 4065
8131 10619
8132 4066
8133 10620
8134 4067
8135 10621
8136 4068
8137 10622
8138 4069
8139 10623
8140 4070
8141 10624
8142 4071
8143 10625
8144 4072
8145 10626
8146 4073
8147 10627
8148 4074
8149 10628
8150 4075
8151 10629
8152 4076
8153 10630
8154 4077
8155 10631
8156 4078
8157 10632
8158 4079
8159 10633
8160 4080
8161 10634
8162 4081
8163 10635
8164 4082
8165 10636
8166 4083
8167 10637
8168 4084
8169 10638
8170 4085
8171 10639
8172 4086
8173 10640
8174 4087
8175 10641
8176 4088
8177 10642
8178 4089
8179 10643
8180 4090
8181 10644
8182 4091
8183 10645
8184 4092
8185 10646
8186 4093
8187 10647
8188 4094
8189 10648
8190 4095
8191 10649
8192 4096
8193 10650
8194 4097
8195 10651
8196 4098
8197 10652
8198 4099
8199 10653
8200 4100
8201 10654
8202 4101
8203 10655
8204 4102
8205 10656
8206 4103
8207 10657
8208 4104
8209 10658
8210 4105
8211 10659
8212 4106
8213 10660
8214 4107
8215 10661
8216 4108
8217 10662
8218 4109
8219 10663
8220 4110
8221 10664
8222 4111
8223 10665
8224 4112
8225 10666
8226 4113
8227 10667
8228 4114
8229 10668
8230 4115
8231 10669
8232 4116
8233 10670
8234 4117
8235 10671
8236 4118
8237 10672
8238 4119
8239 10673
8240 4120
8241 10674
8242 4121
8243 10675
8244 4122
8245 10676
8246 4123
8247 10677
8248 4124
8249 10678
8250 4125
8251 10679
8252 4126
8253 10680
8254 4127
8255 10681
8256 4128
8257 10682
8258 4129
8259 10683
8260 4130
8261 10684
8262 4131
8263 10685
8264 4132
8265 10686
8266 4133
8267 10687
8268 4134
8269 10688
8270 4135
8271 10689
8272 4136
8273 10690
8274 4137
8275 10691
8276 4138
8277 10692
8278 4139
8279 10693
8280 4140
8281 10694
8282 4141
8283 10695
8284 4142
8285 10696
8286 4143
8287 10697
8288 4144
8289 10698
8290 4145
8291 10699
8292 4146
8293 10700
8294 4147
8295 10701
8296 4148
8297 10702
8298 4149
8299 10703
8300 4150
8301 10704
8302 4151
8303 10705
8304 4152
8305 10706
8306 4153
8307 10707
8308 4154
8309 10708
8310 4155
8311 10709
8312 4156
8313 10710
8314 4157
8315 10711
8316 4158
8317 10712
8318 4159
8319 10713
8320 4160
8321 10714
8322 4161
8323 10715
8324 4162
8325 10716
8326 4163
8327 10717
8328 4164
8329 10718
8330 4165
8331 10719
8332 4166
8333 10720
8334 4167
8335 10721
8336 4168
8337 10722
8338 4169
8339 10723
8340 4170
8341 10724
8342 4171
8343 10725
8344 4172
8345 10726
8346 4173
8347 10727
8348 4174
8349 10728
8350 4175
8351 10729
8352 4176
8353 10730
8354 4177
8355 10731
8356 4178
8357 10732
8358 4179
8359 10733
8360 4180
8361 10734
8362 4181
8363 10735
8364 4182
8365 10736
8366 4183
8367 10737
8368 4184
8369 10738
8370 4185
8371 10739
8372 4186
8373 10740
8374 4187
8375 10741
8376 4188
8377 10742
8378 4189
8379 10743
8380 4190
8381 10744
8382 4191
8383 10745
8384 4192
8385 10746
8386 4193
8387 10747
8388 4194
8389 10748
8390 4195
8391 10749
8392 4196
8393 10750
8394 4197
8395 10751
8396 4198
8397 10752
8398 4199
8399 10753
8400 4200
8401 10754
8402 4201
8403 10755
8404 4202
8405 10756
8406 4203
8407 10757
8408 4204
8409 10758
8410 4205
8411 10759
8412 4206
8413 10760
8414 4207
8415 10761
8416 4208
8417 10762
8418 4209
8419 10763
8420 4210
8421 10764
8422 4211
8423 10765
8424 4212
8425 10766
8426 4213
8427 10767
8428 4214
8429 10768
8430 4215
8431 10769
8432 4216
8433 10770
8434 4217
8435 10771
8436 4218
8437 10772
8438 4219
8439 10773
8440 4220
8441 10774
8442 4221
8443 10775
8444 4222
8445 10776
8446 4223
8447 10777
8448 4224
8449 10778
8450 4225
8451 10779
8452 4226
8453 10780
8454 4227
8455 10781
8456 4228
8457 10782
8458 4229
8459 10783
8460 4230
8461 10784
8462 4231
8463 10785
8464 4232
8465 10786
8466 4233
8467 10787
8468 4234
8469 10788
8470 4235
8471 10789
8472 4236
8473 10790
8474 4237
8475 10791
8476 4238
8477 10792
8478 4239
8479 10793
8480 4240
8481 10794
8482 4241
8483 10795
8484 4242
8485 10796
8486 4243
8487 10797
8488 4244
8489 10798
8490 4245
8491 10799
8492 4246
8493 10800
8494 4247
8495 10801
8496 4248
8497 10802
8498 4249
8499 10803
8500 4250
8501 10804
8502 4251
8503 10805
8504 4252
8505 10806
8506 4253
8507 10807
8508 4254
8509 10808
8510 4255
8511 10809
8512 4256
8513 10810
8514 4257
8515 10811
8516 4258
8517 10812
8518 4259
8519 10813
8520 4260
8521 10814
8522 4261
8523 10815
8524 4262
8525 10816
8526 4263
8527 10817
8528 4264
8529 10818
8530 4265
8531 10819
8532 4266
8533 10820
8534 4267
8535 10821
8536 4268
8537 10822
8538 4269
8539 10823
8540 4270
8541 10824
8542 4271
8543 10825
8544 4272
8545 10826
8546 4273
8547 10827
8548 4274
8549 10828
8550 4275
8551 10829
8552 4276
8553 10830
8554 4277
8555 10831
8556 4278
8557 10832
8558 4279
8559 10833
8560 4280
8561 10834
8562 4281
8563 10835
8564 4282
8565 10836
8566 4283
8567 10837
8568 4284
8569 10838
8570 4285
8571 10839
8572 4286
8573 10840
8574 4287
8575 10841
8576 4288
8577 10842
8578 4289
8579 10843
8580 4290
8581 10844
8582 4291
8583 10845
8584 4292
8585 10846
8586 4293
8587 10847
8588 4294
8589 10848
8590 4295
8591 10849
8592 4296
8593 10850
8594 4297
8595 10851
8596 4298
8597 10852
8598 4299
8599 10853
8600 4300
8601 10854
8602 4301
8603 10855
8604 4302
8605 10856
8606 4303
8607 10857
8608 4304
8609 10858
8610 4305
8611 10859
8612 4306
8613 10860
8614 4307
8615 10861
8616 4308
8617 10862
8618 4309
8619 10863
8620 4310
8621 10864
8622 4311
8623 10865
8624 4312
8625 10866
8626 4313
8627 10867
8628 4314
8629 10868
8630 4315
8631 10869
8632 4316
8633 10870
8634 4317
8635 10871
8636 4318
8637 10872
8638 4319
8639 10873
8640 4320
8641 10874
8642 4321
8643 10875
8644 4322
8645 10876
8646 4323
8647 10877
8648 4324
8649 10878
8650 4325
8651 10879
8652 4326
8653 10880
8654 4327
8655 10881
8656 4328
8657 10882
8658 4329
8659 10883
8660 4330
8661 10884
8662 4331
8663 10885
8664 4332
8665 10886
8666 4333
8667 10887
8668 4334
8669 10888
8670 4335
8671 10889
8672 4336
8673 10890
8674 4337
8675 10891
8676 4338
8677 10892
8678 4339
8679 10893
8680 4340
8681 10894
8682 4341
8683 10895
8684 4342
8685 10896
8686 4343
8687 10897
8688 4344
8689 10898
8690 4345
8691 10899
8692 4346
8693 10900
8694 4347
8695 10901
8696 4348
8697 10902
8698 4349
8699 10903
8700 4350
8701 10904
8702 4351
8703 10905
8704 4352
8705 10906
8706 4353
8707 10907
8708 4354
8709 10908
8710 4355
8711 10909
8712 4356
8713 10910
8714 4357
8715 10911
8716 4358
8717 10912
8718 4359
8719 10913
8720 4360
8721 10914
8722 4361
8723 10915
8724 4362
8725 10916
8726 4363
8727 10917
8728 4364
8729 10918
8730 4365
8731 10919
8732 4366
8733 10920
8734 4367
8735 10921
8736 4368
8737 10922
8738 4369
8739 10923
8740 4370
8741 10924
8742 4371
8743 10925
8744 4372
8745 10926
8746 4373
8747 10927
8748 4374
8749 10928
8750 4375
8751 10929
8752 4376
8753 10930
8754 4377
8755 10931
8756 4378
8757 10932
8758 4379
8759 10933
8760 4380
8761 10934
8762 4381
8763 10935
8764 4382
8765 10936
8766 4383
8767 10937
8768 4384
8769 10938
8770 4385
8771 10939
8772 4386
8773 10940
8774 4387
8775 10941
8776 4388
8777 10942
8778 4389
8779 10943
8780 4390
8781 10944
8782 4391
8783 10945
8784 4392
8785 10946
8786 4393
8787 10947
8788 4394
8789 10948
8790 4395
8791 10949
8792 4396
8793 10950
8794 4397
8795 10951
8796 4398
8797 10952
8798 4399
8799 10953
8800 4400
8801 10954
8802 4401
8803 10955
8804 4402
8805 10956
8806 4403
8807 10957
8808 4404
8809 10958
8810 4405
8811 10959
8812 4406
8813 10960
8814 4407
8815 10961
8816 4408
8817 10962
8818 4409
8819 10963
8820 4410
8821 10964
8822 4411
8823 10965
8824 4412
8825 10966
8826 4413
8827 10967
8828 4414
8829 10968
8830 4415
8831 10969
8832 4416
8833 10970
8834 4417
8835 10971
8836 4418
8837 10972
8838 4419
8839 10973
8840 4420
8841 10974
8842 4421
8843 10975
8844 4422
8845 10976
8846 4423
8847 10977
8848 4424
8849 10978
8850 4425
8851 10979
8852 4426
8853 10980
8854 4427
8855 10981
8856 4428
8857 10982
8858 4429
8859 10983
8860 4430
8861 10984
8862 4431
8863 10985
8864 4432
8865 10986
8866 4433
8867 10987
8868 4434
8869 10988
8870 4435
8871 10989
8872 4436
8873 10990
8874 4437
8875 10991
8876 4438
8877 10992
8878 4439
8879 10993
8880 4440
8881 10994
8882 4441
8883 10995
8884 4442
8885 10996
8886 4443
8887 10997
8888 4444
8889 10998
8890 4445
8891 10999
8892 4446
8893 11000
8894 4447
8895 11001
8896 4448
8897 11002
8898 4449
8899 11003
8900 4450
8901 11004
8902 4451
8903 11005
8904 4452
8905 11006
8906 4453
8907 11007
8908 4454
8909 11008
8910 4455
8911 11009
8912 4456
8913 11010
8914 4457
8915 11011
8916 4458
8917 11012
8918 4459
8919 11013
8920 4460
8921 11014
8922 4461
8923 11015
8924 4462
8925 11016
8926 4463
8927 11017
8928 4464
8929 11018
8930 4465
8931 11019
8932 4466
8933 11020
8934 4467
8935 11021
8936 4468
8937 11022
8938 4469
8939 11023
8940 4470
8941 11024
8942 4471
8943 11025
8944 4472
8945 11026
8946 4473
8947 11027
8948 4474
8949 11028
8950 4475
8951 11029
8952 4476
8953 11030
8954 4477
8955 11031
8956 4478
8957 11032
8958 4479
8959 11033
8960 4480
8961 11034
8962 4481
8963 11035
8964 4482
8965 11036
8966 4483
8967 11037
8968 4484
8969 11038
8970 4485
8971 11039
8972 4486
8973 11040
8974 4487
8975 11041
8976 4488
8977 11042
8978 4489
8979 11043
8980 4490
8981 11044
8982 4491
8983 11045
8984 4492
8985 11046
8986 4493
8987 11047
8988 4494
8989 11048
8990 4495
8991 11049
8992 4496
8993 11050
8994 4497
8995 11051
8996 4498
8997 11052
8998 4499
8999 11053
9000 4500
9001 11054
9002 4501
9003 11055
9004 4502
9005 11056
9006 4503
9007 11057
9008 4504
9009 11058
9010 4505
9011 11059
9012 4506
9013 11060
9014 4507
9015 11061
9016 4508
9017 11062
9018 4509
9019 11063
9020 4510
9021 11064
9022 4511
9023 11065
9024 4512
9025 11066
9026 4513
9027 11067
9028 4514
9029 11068
9030 4515
9031 11069
9032 4516
9033 11070
9034 4517
9035 11071
9036 4518
9037 11072
9038 4519
9039 11073
9040 4520
9041 11074
9042 4521
9043 11075
9044 4522
9045 11076
9046 4523
9047 11077
9048 4524
9049 11078
9050 4525
9051 11079
9052 4526
9053 11080
9054 4527
9055 11081
9056 4528
9057 11082
9058 4529
9059 11083
9060 4530
9061 11084
9062 4531
9063 11085
9064 4532
9065 11086
9066 4533
9067 11087
9068 4534
9069 11088
9070 4535
9071 11089
9072 4536
9073 11090
9074 4537
9075 11091
9076 4538
9077 11092
9078 4539
9079 11093
9080 4540
9081 11094
9082 4541
9083 11095
9084 4542
9085 11096
9086 4543
9087 11097
9088 4544
9089 11098
9090 4545
9091 11099
9092 4546
9093 11100
9094 4547
9095 11101
9096 4548
9097 11102
9098 4549
9099 11103
9100 4550
9101 11104
9102 4551
9103 11105
9104 4552
9105 11106
9106 4553
9107 11107
9108 4554
9109 11108
9110 4555
9111 11109
9112 4556
9113 11110
9114 4557
9115 11111
9116 4558
9117 11112
9118 4559
9119 11113
9120 4560
9121 11114
9122 4561
9123 11115
9124 4562
9125 11116
9126 4563
9127 11117
9128 4564
9129 11118
9130 4565
9131 11119
9132 4566
9133 11120
9134 4567
9135 11121
9136 4568
9137 11122
9138 4569
9139 11123
9140 4570
9141 11124
9142 4571
9143 11125
9144 4572
9145 11126
9146 4573
9147 11127
9148 4574
9149 11128
9150 4575
9151 11129
9152 4576
9153 11130
9154 4577
9155 11131
9156 4578
9157 11132
9158 4579
9159 11133
9160 4580
9161 11134
9162 4581
9163 11135
9164 4582
9165 11136
9166 4583
9167 11137
9168 4584
9169 11138
9170 4585
9171 11139
9172 4586
9173 11140
9174 4587
9175 11141
9176 4588
9177 11142
9178 4589
9179 11143
9180 4590
9181 11144
9182 4591
9183 11145
9184 4592
9185 11146
9186 4593
9187 11147
9188 4594
9189 11148
9190 4595
9191 11149
9192 4596
9193 11150
9194 4597
9195 11151
9196 4598
9197 11152
9198 4599
9199 11153
9200 4600
9201 11154
9202 4601
9203 11155
9204 4602
9205 11156
9206 4603
9207 11157
9208 4604
9209 11158
9210 4605
9211 11159
9212 4606
9213 11160
9214 4607
9215 11161
9216 4608
9217 11162
9218 4609
9219 11163
9220 4610
9221 11164
9222 4611
9223 11165
9224 4612
9225 11166
9226 4613
9227 11167
9228 4614
9229 11168
9230 4615
9231 11169
9232 4616
9233 11170
9234 4617
9235 11171
9236 4618
9237 11172
9238 4619
9239 11173
9240 4620
9241 11174
9242 4621
9243 11175
9244 4622
9245 11176
9246 4623
9247 11177
9248 4624
9249 11178
9250 4625
9251 11179
9252 4626
9253 11180
9254 4627
9255 11181
9256 4628
9257 11182
9258 4629
9259 11183
9260 4630
9261 11184
9262 4631
9263 11185
9264 4632
9265 11186
9266 4633
9267 11187
9268 4634
9269 11188
9270 4635
9271 11189
9272 4636
9273 11190
9274 4637
9275 11191
9276 4638
9277 11192
9278 4639
9279 11193
9280 4640
9281 11194
9282 4641
9283 11195
9284 4642
9285 11196
9286 4643
9287 11197
9288 4644
9289 11198
9290 4645
9291 11199
9292 4646
9293 11200
9294 4647
9295 11201
9296 4648
9297 11202
9298 4649
9299 11203
9300 4650
9301 11204
9302 4651
9303 11205
9304 4652
9305 11206
9306 4653
9307 11207
9308 4654
9309 11208
9310 4655
9311 11209
9312 4656
9313 11210
9314 4657
9315 11211
9316 4658
9317 11212
9318 4659
9319 11213
9320 4660
9321 11214
9322 4661
9323 11215
9324 4662
9325 11216
9326 4663
9327 11217
9328 4664
9329 11218
9330 4665
9331 11219
9332 4666
9333 11220
9334 4667
9335 11221
9336 4668
9337 11222
9338 4669
9339 11223
9340 4670
9341 11224
9342 4671
9343 11225
9344 4672
9345 11226
9346 4673
9347 11227
9348 4674
9349 11228
9350 4675
9351 11229
9352 4676
9353 11230
9354 4677
9355 11231
9356 4678
9357 11232
9358 4679
9359 11233
9360 4680
9361 11234
9362 4681
9363 11235
9364 4682
9365 11236
9366 4683
9367 11237
9368 4684
9369 11238
9370 4685
9371 11239
9372 4686
9373 11240
9374 4687
9375 11241
9376 4688
9377 11242
9378 4689
9379 11243
9380 4690
9381 11244
9382 4691
9383 11245
9384 4692
9385 11246
9386 4693
9387 11247
9388 4694
9389 11248
9390 4695
9391 11249
9392 4696
9393 11250
9394 4697
9395 11251
9396 4698
9397 11252
9398 4699
9399 11253
9400 4700
9401 11254
9402 4701
9403 11255
9404 4702
9405 11256
9406 4703
9407 11257
9408 4704
9409 11258
9410 4705
9411 11259
9412 4706
9413 11260
9414 4707
9415 11261
9416 4708
9417 11262
9418 4709
9419 11263
9420 4710
9421 11264
9422 4711
9423 11265
9424 4712
9425 11266
9426 4713
9427 11267
9428 4714
9429 11268
9430 4715
9431 11269
9432 4716
9433 11270
9434 4717
9435 11271
9436 4718
9437 11272
9438 4719
9439 11273
9440 4720
9441 11274
9442 4721
9443 11275
9444 4722
9445 11276
9446 4723
9447 11277
9448 4724
9449 11278
9450 4725
9451 11279
9452 4726
9453 11280
9454 4727
9455 11281
9456 4728
9457 11282
9458 4729
9459 11283
9460 4730
9461 11284
9462 4731
9463 11285
9464 4732
9465 11286
9466 4733
9467 11287
9468 4734
9469 11288
9470 4735
9471 11289
9472 4736
9473 11290
9474 4737
9475 11291
9476 4738
9477 11292
9478 4739
9479 11293
9480 4740
9481 11294
9482 4741
9483 11295
9484 4742
9485 11296
9486 4743
9487 11297
9488 4744
9489 11298
9490 4745
9491 11299
9492 4746
9493 11300
9494 4747
9495 11301
9496 4748
9497 11302
9498 4749
9499 11303
9500 4750
9501 11304
9502 4751
9503 11305
9504 4752
9505 11306
9506 4753
9507 11307
9508 4754
9509 11308
9510 4755
9511 11309
9512 4756
9513 11310
9514 4757
9515 11311
9516 4758
9517 11312
9518 4759
9519 11313
9520 4760
9521 11314
9522 4761
9523 11315
9524 4762
9525 11316
9526 4763
9527 11317
9528 4764
9529 11318
9530 4765
9531 11319
9532 4766
9533 11320
9534 4767
9535 11321
9536 4768
9537 11322
9538 4769
9539 11323
9540 4770
9541 11324
9542 4771
9543 11325
9544 4772
9545 11326
9546 4773
9547 11327
9548 4774
9549 11328
9550 4775
9551 11329
9552 4776
9553 11330
9554 4777
9555 11331
9556 4778
9557 11332
9558 4779
9559 11333
9560 4780
9561 11334
9562 4781
9563 11335
9564 4782
9565 11336
9566 4783
9567 11337
9568 4784
9569 11338
9570 4785
9571 11339
9572 4786
9573 11340
9574 4787
9575 11341
9576 4788
9577 11342
9578 4789
9579 11343
9580 4790
9581 11344
9582 4791
9583 11345
9584 4792
9585 11346
9586 4793
9587 11347
9588 4794
9589 11348
9590 4795
9591 11349
9592 4796
9593 11350
9594 4797
9595 11351
9596 4798
9597 11352
9598 4799
9599 11353
9600 4800
9601 11354
9602 4801
9603 11355
9604 4802
9605 11356
9606 4803
9607 11357
9608 4804
9609 11358
9610 4805
9611 11359
9612 4806
9613 11360
9614 4807
9615 11361
9616 4808
9617 11362
9618 4809
9619 11363
9620 4810
9621 11364
9622 4811
9623 11365
9624 4812
9625 11366
9626 4813
9627 11367
9628 4814
9629 11368
9630 4815
9631 11369
9632 4816
9633 11370
9634 4817
9635 11371
9636 4818
9637 11372
9638 4819
9639 11373
9640 4820
9641 11374
9642 4821
9643 11375
9644 4822
9645 11376
9646 4823
9647 11377
9648 4824
9649 11378
9650 4825
9651 11379
9652 4826
9653 11380
9654 4827
9655 11381
9656 4828
9657 11382
9658 4829
9659 11383
9660 4830
9661 11384
9662 4831
9663 11385
9664 4832
9665 11386
9666 4833
9667 11387
9668 4834
9669 11388
9670 4835
9671 11389
9672 4836
9673 11390
9674 4837
9675 11391
9676 4838
9677 11392
9678 4839
9679 11393
9680 4840
9681 11394
9682 4841
9683 11395
9684 4842
9685 11396
9686 4843
9687 11397
9688 4844
9689 11398
9690 4845
9691 11399
9692 4846
9693 11400
9694 4847
9695 11401
9696 4848
9697 11402
9698 4849
9699 11403
9700 4850
9701 11404
9702 4851
9703 11405
9704 4852
9705 11406
9706 4853
9707 11407
9708 4854
9709 11408
9710 4855
9711 11409
9712 4856
9713 11410
9714 4857
9715 11411
9716 4858
9717 11412
9718 4859
9719 11413
9720 4860
9721 11414
9722 4861
9723 11415
9724 4862
9725 11416
9726 4863
9727 11417
9728 4864
9729 11418
9730 4865
9731 11419
9732 4866
9733 11420
9734 4867
9735 11421
9736 4868
9737 11422
9738 4869
9739 11423
9740 4870
9741 11424
9742 4871
9743 11425
9744 4872
9745 11426
9746 4873
9747 11427
9748 4874
9749 11428
9750 4875
9751 11429
9752 4876
9753 11430
9754 4877
9755 11431
9756 4878
9757 11432
9758 4879
9759 11433
9760 4880
9761 11434
9762 4881
9763 11435
9764 4882
9765 11436
9766 4883
9767 11437
9768 4884
9769 11438
9770 4885
9771 11439
9772 4886
9773 11440
9774 4887
9775 11441
9776 4888
9777 11442
9778 4889
9779 11443
9780 4890
9781 11444
9782 4891
9783 11445
9784 4892
9785 11446
9786 4893
9787 11447
9788 4894
9789 11448
9790 4895
9791 11449
9792 4896
9793 11450
9794 4897
9795 11451
9796 4898
9797 11452
9798 4899
9799 11453
9800 4900
9801 11454
9802 4901
9803 11455
9804 4902
9805 11456
9806 4903
9807 11457
9808 4904
9809 11458
9810 4905
9811 11459
9812 4906
9813 11460
9814 4907
9815 11461
9816 4908
9817 11462
9818 4909
9819 11463
9820 4910
9821 11464
9822 4911
9823 11465
9824 4912
9825 11466
9826 4913
9827 11467
9828 4914
9829 11468
9830 4915
9831 11469
9832 4916
9833 11470
9834 4917
9835 11471
9836 4918
9837 11472
9838 4919
9839 11473
9840 4920
9841 11474
9842 4921
9843 11475
9844 4922
9845 11476
9846 4923
9847 11477
9848 4924
9849 11478
9850 4925
9851 11479
9852 4926
9853 11480
9854 4927
9855 11481
9856 4928
9857 11482
9858 4929
9859 11483
9860 4930
9861 11484
9862 4931
9863 11485
9864 4932
9865 11486
9866 4933
9867 11487
9868 4934
9869 11488
9870 4935
9871 11489
9872 4936
9873 11490
9874 4937
9875 11491
9876 4938
9877 11492
9878 4939
9879 11493
9880 4940
9881 11494
9882 4941
9883 11495
9884 4942
9885 11496
9886 4943
9887 11497
9888 4944
9889 11498
9890 4945
9891 11499
9892 4946
9893 11500
9894 4947
9895 11501
9896 4948
9897 11502
9898 4949
9899 11503
9900 4950
9901 11504
9902 4951
9903 11505
9904 4952
9905 11506
9906 4953
9907 11507
9908 4954
9909 11508
9910 4955
9911 11509
9912 4956
9913 11510
9914 4957
9915 11511
9916 4958
9917 11512
9918 4959
9919 11513
9920 4960
9921 11514
9922 4961
9923 11515
9924 4962
9925 11516
9926 4963
9927 11517
9928 4964
9929 11518
9930 4965
9931 11519
9932 4966
9933 11520
9934 4967
9935 11521
9936 4968
9937 11522
9938 4969
9939 11523
9940 4970
9941 11524
9942 4971
9943 11525
9944 4972
9945 11526
9946 4973
9947 11527
9948 4974
9949 11528
9950 4975
9951 11529
9952 4976
9953 11530
9954 4977
9955 11531
9956 4978
9957 11532
9958 4979
9959 11533
9960 4980
9961 11534
9962 4981
9963 11535
9964 4982
9965 11536
9966 4983
9967 11537
9968 4984
9969 11538
9970 4985
9971 11539
9972 4986
9973 11540
9974 4987
9975 11541
9976 4988
9977 11542
9978 4989
9979 11543
9980 4990
9981 11544
9982 4991
9983 11545
9984 4992
9985 11546
9986 4993
9987 11547
9988 4994
9989 11548
9990 4995
9991 11549
9992 4996
9993 11550
9994 4997
9995 11551
9996 4998
9997 11552
9998 4999
9999 11553
10000 5000
10001 11554
10002 5001
10003 11555
10004 5002
10005 11556
10006 5003
10007 11557
10008 5004
10009 11558
10010 5005
10011 11559
10012 5006
10013 11560
10014 5007
10015 11561
10016 5008
10017 11562
10018 5009
10019 11563
10020 5010
10021 11564
10022 5011
10023 11565
10024 5012
10025 11566
10026 5013
10027 11567
10028 5014
10029 11568
10030 5015
10031 11569
10032 5016
10033 11570
10034 5017
10035 11571
10036 5018
10037 11572
10038 5019
10039 11573
10040 5020
10041 11574
10042 5021
10043 11575
10044 5022
10045 11576
10046 5023
10047 11577
10048 5024
10049 11578
10050 5025
10051 11579
10052 5026
10053 11580
10054 5027
10055 11581
10056 5028
10057 11582
10058 5029
10059 11583
10060 5030
10061 11584
10062 5031
10063 11585
10064 5032
10065 11586
10066 5033
10067 11587
10068 5034
10069 11588
10070 5035
10071 11589
10072 5036
10073 11590
10074 5037
10075 11591
10076 5038
10077 11592
10078 5039
10079 11593
10080 5040
10081 11594
10082 5041
10083 11595
10084 5042
10085 11596
10086 5043
10087 11597
10088 5044
10089 11598
10090 5045
10091 11599
10092 5046
10093 11600
10094 5047
10095 11601
10096 5048
10097 11602
10098 5049
10099 11603
10100 5050
10101 11604
10102 5051
10103 11605
10104 5052
10105 11606
10106 5053
10107 11607
10108 5054
10109 11608
10110 5055
10111 11609
10112 5056
10113 11610
10114 5057
10115 11611
10116 5058
10117 11612
10118 5059
10119 11613
10120 5060
10121 11614
10122 5061
10123 11615
10124 5062
10125 11616
10126 5063
10127 11617
10128 5064
10129 11618
10130 5065
10131 11619
10132 5066
10133 11620
10134 5067
10135 11621
10136 5068
10137 11622
10138 5069
10139 11623
10140 5070
10141 11624
10142 5071
10143 11625
10144 5072
10145 11626
10146 5073
10147 11627
10148 5074
10149 11628
10150 5075
10151 11629
10152 5076
10153 11630
10154 5077
10155 11631
10156 5078
10157 11632
10158 5079
10159 11633
10160 5080
10161 11634
10162 5081
10163 11635
10164 5082
10165 11636
10166 5083
10167 11637
10168 5084
10169 11638
10170 5085
10171 11639
10172 5086
10173 11640
10174 5087
10175 11641
10176 5088
10177 11642
10178 5089
10179 11643
10180 5090
10181 11644
10182 5091
10183 11645
10184 5092
10185 11646
10186 5093
10187 11647
10188 5094
10189 11648
10190 5095
10191 11649
10192 5096
10193 11650
10194 5097
10195 11651
10196 5098
10197 11652
10198 5099
10199 11653
10200 5100
10201 11654
10202 5101
10203 11655
10204 5102
10205 11656
10206 5103
10207 11657
10208 5104
10209 11658
10210 5105
10211 11659
10212 5106
10213 11660
10214 5107
10215 11661
10216 5108
10217 11662
10218 5109
10219 11663
10220 5110
10221 11664
10222 5111
10223 11665
10224 5112
10225 11666
10226 5113
10227 11667
10228 5114
10229 11668
10230 5115
10231 11669
10232 5116
10233 11670
10234 5117
10235 11671
10236 5118
10237 11672
10238 5119
10239 11673
10240 5120
10241 11674
10242 5121
10243 11675
10244 5122
10245 11676
10246 5123
10247 11677
10248 5124
10249 11678
10250 5125
10251 11679
10252 5126
10253 11680
10254 5127
10255 11681
10256 5128
10257 11682
10258 5129
10259 11683
10260 5130
10261 11684
10262 5131
10263 11685
10264 5132
10265 11686
10266 5133
10267 11687
10268 5134
10269 11688
10270 5135
10271 11689
10272 5136
10273 11690
10274 5137
10275 11691
10276 5138
10277 11692
10278 5139
10279 11693
10280 5140
10281 11694
10282 5141
10283 11695
10284 5142
10285 11696
10286 5143
10287 11697
10288 5144
10289 11698
10290 5145
10291 11699
10292 5146
10293 11700
10294 5147
10295 11701
10296 5148
10297 11702
10298 5149
10299 11703
10300 5150
10301 11704
10302 5151
10303 11705
10304 5152
10305 11706
10306 5153
10307 11707
10308 5154
10309 11708
10310 5155
10311 11709
10312 5156
10313 11710
10314 5157
10315 11711
10316 5158
10317 11712
10318 5159
10319 11713
10320 5160
10321 11714
10322 5161
10323 11715
10324 5162
10325 11716
10326 5163
10327 11717
10328 5164
10329 11718
10330 5165
10331 11719
10332 5166
10333 11720
10334 5167
10335 11721
10336 5168
10337 11722
10338 5169
10339 11723
10340 5170
10341 11724
10342 5171
10343 11725
10344 5172
10345 11726
10346 5173
10347 11727
10348 5174
10349 11728
10350 5175
10351 11729
10352 5176
10353 11730
10354 5177
10355 11731
10356 5178
10357 11732
10358 5179
10359 11733
10360 5180
10361 11734
10362 5181
10363 11735
10364 5182
10365 11736
10366 5183
10367 11737
10368 5184
10369 11738
10370 5185
10371 11739
10372 5186
10373 11740
10374 5187
10375 11741
10376 5188
10377 11742
10378 5189
10379 11743
10380 5190
10381 11744
10382 5191
10383 11745
10384 5192
10385 11746
10386 5193
10387 11747
10388 5194
10389 11748
10390 5195
10391 11749
10392 5196
10393 11750
10394 5197
10395 11751
10396 5198
10397 11752
10398 5199
10399 11753
10400 5200
10401 11754
10402 5201
10403 11755
10404 5202
10405 11756
10406 5203
10407 11757
10408 5204
10409 11758
10410 5205
10411 11759
10412 5206
10413 11760
10414 5207
10415 11761
10416 5208
10417 11762
10418 5209
10419 11763
10420 5210
10421 11764
10422 5211
10423 11765
10424 5212
10425 11766
10426 5213
10427 11767
10428 5214
10429 11768
10430 5215
10431 11769
10432 5216
10433 11770
10434 5217
10435 11771
10436 5218
10437 11772
10438 5219
10439 11773
10440 5220
10441 11774
10442 5221
10443 11775
10444 5222
10445 11776
10446 5223
10447 11777
10448 5224
10449 11778
10450 5225
10451 11779
10452 5226
10453 11780
10454 5227
10455 11781
10456 5228
10457 11782
10458 5229
10459 11783
10460 5230
10461 11784
10462 5231
10463 11785
10464 5232
10465 11786
10466 5233
10467 11787
10468 5234
10469 11788
10470 5235
10471 11789
10472 5236
10473 11790
10474 5237
10475 11791
10476 5238
10477 11792
10478 5239
10479 11793
10480 5240
10481 11794
10482 5241
10483 11795
10484 5242
10485 11796
10486 5243
10487 11797
10488 5244
10489 11798
10490 5245
10491 11799
10492 5246
10493 11800
10494 5247
10495 11801
10496 5248
10497 11802
10498 5249
10499 11803
10500 5250
10501 11804
10502 5251
10503 11805
10504 5252
10505 11806
10506 5253
10507 11807
10508 5254
10509 11808
10510 5255
10511 11809
10512 5256
10513 11810
10514 5257
10515 11811
10516 5258
10517 11812
10518 5259
10519 11813
10520 5260
10521 11814
10522 5261
10523 11815
10524 5262
10525 11816
10526 5263
10527 11817
10528 5264
10529 11818
10530 5265
10531 11819
10532 5266
10533 11820
10534 5267
10535 11821
10536 5268
10537 11822
10538 5269
10539 11823
10540 5270
10541 11824
10542 5271
10543 11825
10544 5272
10545 11826
10546 5273
10547 11827
10548 5274
10549 11828
10550 5275
10551 11829
10552 5276
10553 11830
10554 5277
10555 11831
10556 5278
10557 11832
10558 5279
10559 11833
10560 5280
10561 11834
10562 5281
10563 11835
10564 5282
10565 11836
10566 5283
10567 11837
10568 5284
10569 11838
10570 5285
10571 11839
10572 5286
10573 11840
10574 5287
10575 11841
10576 5288
10577 11842
10578 5289
10579 11843
10580 5290
10581 11844
10582 5291
10583 11845
10584 5292
10585 11846
10586 5293
10587 11847
10588 5294
10589 11848
10590 5295
10591 11849
10592 5296
10593 11850
10594 5297
10595 11851
10596 5298
10597 11852
10598 5299
10599 11853
10600 5300
10601 11854
10602 5301
10603 11855
10604 5302
10605 11856
10606 5303
10607 11857
10608 5304
10609 11858
10610 5305
10611 11859
10612 5306
10613 11860
10614 5307
10615 11861
10616 5308
10617 11862
10618 5309
10619 11863
10620 5310
10621 11864
10622 5311
10623 11865
10624 5312
10625 11866
10626 5313
10627 11867
10628 5314
10629 11868
10630 5315
10631 11869
10632 5316
10633 11870
10634 5317
10635 11871
10636 5318
10637 11872
10638 5319
10639 11873
10640 5320
10641 11874
10642 5321
10643 11875
10644 5322
10645 11876
10646 5323
10647 11877
10648 5324
10649 11878
10650 5325
10651 11879
10652 5326
10653 11880
10654 5327
10655 11881
10656 5328
10657 11882
10658 5329
10659 11883
10660 5330
10661 11884
10662 5331
10663 11885
10664 5332
10665 11886
10666 5333
10667 11887
10668 5334
10669 11888
10670 5335
10671 11889
10672 5336
10673 11890
10674 5337
10675 11891
10676 5338
10677 11892
10678 5339
10679 11893
10680 5340
10681 11894
10682 5341
10683 11895
10684 5342
10685 11896
10686 5343
10687 11897
10688 5344
10689 11898
10690 5345
10691 11899
10692 5346
10693 11900
10694 5347
10695 11901
10696 5348
10697 11902
10698 5349
10699 11903
10700 5350
10701 11904
10702 5351
10703 11905
10704 5352
10705 11906
10706 5353
10707 11907
10708 5354
10709 11908
10710 5355
10711 11909
10712 5356
10713 11910
10714 5357
10715 11911
10716 5358
10717 11912
10718 5359
10719 11913
10720 5360
10721 11914
10722 5361
10723 11915
10724 5362
10725 11916
10726 5363
10727 11917
10728 5364
10729 11918
10730 5365
10731 11919
10732 5366
10733 11920
10734 5367
10735 11921
10736 5368
10737 11922
10738 5369
10739 11923
10740 5370
10741 11924
10742 5371
10743 11925
10744 5372
10745 11926
10746 5373
10747 11927
10748 5374
10749 11928
10750 5375
10751 11929
10752 5376
10753 11930
10754 5377
10755 11931
10756 5378
10757 11932
10758 5379
10759 11933
10760 5380
10761 11934
10762 5381
10763 11935
10764 5382
10765 11936
10766 5383
10767 11937
10768 5384
10769 11938
10770 5385
10771 11939
10772 5386
10773 11940
10774 5387
10775 11941
10776 5388
10777 11942
10778 5389
10779 11943
10780 5390
10781 11944
10782 5391
10783 11945
10784 5392
10785 11946
10786 5393
10787 11947
10788 5394
10789 11948
10790 5395
10791 11949
10792 5396
10793 11950
10794 5397
10795 11951
10796 5398
10797 11952
10798 5399
10799 11953
10800 5400
10801 11954
10802 5401
10803 11955
10804 5402
10805 11956
10806 5403
10807 11957
10808 5404
10809 11958
10810 5405
10811 11959
10812 5406
10813 11960
10814 5407
10815 11961
10816 5408
10817 11962
10818 5409
10819 11963
10820 5410
10821 11964
10822 5411
10823 11965
10824 5412
10825 11966
10826 5413
10827 11967
10828 5414
10829 11968
10830 5415
10831 11969
10832 5416
10833 11970
10834 5417
10835 11971
10836 5418
10837 11972
10838 5419
10839 11973
10840 5420
10841 11974
10842 5421
10843 11975
10844 5422
10845 11976
10846 5423
10847 11977
10848 5424
10849 11978
10850 5425
10851 11979
10852 5426
10853 11980
10854 5427
10855 11981
10856 5428
10857 11982
10858 5429
10859 11983
10860 5430
10861 11984
10862 5431
10863 11985
10864 5432
10865 11986
10866 5433
10867 11987
10868 5434
10869 11988
10870 5435
10871 11989
10872 5436
10873 11990
10874 5437
10875 11991
10876 5438
10877 11992
10878 5439
10879 11993
10880 5440
10881 11994
10882 5441
10883 11995
10884 5442
10885 11996
10886 5443
10887 11997
10888 5444
10889 11998
10890 5445
10891 11999
10892 5446
10893 12000
10894 5447
10895 12001
10896 5448
10897 12002
10898 5449
10899 12003
10900 5450
10901 12004
10902 5451
10903 12005
10904 5452
10905 12006
10906 5453
10907 12007
10908 5454
10909 12008
10910 5455
10911 12009
10912 5456
10913 12010
10914 5457
10915 12011
10916 5458
10917 12012
10918 5459
10919 12013
10920 5460
10921 12014
10922 5461
10923 12015
10924 5462
10925 12016
10926 5463
10927 12017
10928 5464
10929 12018
10930 5465
10931 12019
10932 5466
10933 12020
10934 5467
10935 12021
10936 5468
10937 12022
10938 5469
10939 12023
10940 5470
10941 12024
10942 5471
10943 12025
10944 5472
10945 12026
10946 5473
10947 12027
10948 5474
10949 12028
10950 5475
10951 12029
10952 5476
10953 12030
10954 5477
10955 12031
10956 5478
10957 12032
10958 5479
10959 12033
10960 5480
10961 12034
10962 5481
10963 12035
10964 5482
10965 12036
10966 5483
10967 12037
10968 5484
10969 12038
10970 5485
10971 12039
10972 5486
10973 12040
10974 5487
10975 12041
10976 5488
10977 12042
10978 5489
10979 12043
10980 5490
10981 12044
10982 5491
10983 12045
10984 5492
10985 12046
10986 5493
10987 12047
10988 5494
10989 12048
10990 5495
10991 12049
10992 5496
10993 12050
10994 5497
10995 12051
10996 5498
10997 12052
10998 5499
10999 12053
11000 5500
11001 12054
11002 5501
11003 12055
11004 5502
11005 12056
11006 5503
11007 12057
11008 5504
11009 12058
11010 5505
11011 12059
11012 5506
11013 12060
11014 5507
11015 12061
11016 5508
11017 12062
11018 5509
11019 12063
11020 5510
11021 12064
11022 5511
11023 12065
11024 5512
11025 12066
11026 5513
11027 12067
11028 5514
11029 12068
11030 5515
11031 12069
11032 5516
11033 12070
11034 5517
11035 12071
11036 5518
11037 12072
11038 5519
11039 12073
11040 5520
11041 12074
11042 5521
11043 12075
11044 5522
11045 12076
11046 5523
11047 12077
11048 5524
11049 12078
11050 5525
11051 12079
11052 5526
11053 12080
11054 5527
11055 12081
11056 5528
11057 12082
11058 5529
11059 12083
11060 5530
11061 12084
11062 5531
11063 12085
11064 5532
11065 12086
11066 5533
11067 12087
11068 5534
11069 12088
11070 5535
11071 12089
11072 5536
11073 12090
11074 5537
11075 12091
11076 5538
11077 12092
11078 5539
11079 12093
11080 5540
11081 12094
11082 5541
11083 12095
11084 5542
11085 12096
11086 5543
11087 12097
11088 5544
11089 12098
11090 5545
11091 12099
11092 5546
11093 12100
11094 5547
11095 12101
11096 5548
11097 12102
11098 5549
11099 12103
11100 5550
11101 12104
11102 5551
11103 12105
11104 5552
11105 12106
11106 5553
11107 12107
11108 5554
11109 12108
11110 5555
11111 12109
11112 5556
11113 12110
11114 5557
11115 12111
11116 5558
11117 12112
11118 5559
11119 12113
11120 5560
11121 12114
11122 5561
11123 12115
11124 5562
11125 12116
11126 5563
11127 12117
11128 5564
11129 12118
11130 5565
11131 12119
11132 5566
11133 12120
11134 5567
11135 12121
11136 5568
11137 12122
11138 5569
11139 12123
11140 5570
11141 12124
11142 5571
11143 12125
11144 5572
11145 12126
11146 5573
11147 12127
11148 5574
11149 12128
11150 5575
11151 12129
11152 5576
11153 12130
11154 5577
11155 12131
11156 5578
11157 12132
11158 5579
11159 12133
11160 5580
11161 12134
11162 5581
11163 12135
11164 5582
11165 12136
11166 5583
11167 12137
11168 5584
11169 12138
11170 5585
11171 12139
11172 5586
11173 12140
11174 5587
11175 12141
11176 5588
11177 12142
11178 5589
11179 12143
11180 5590
11181 12144
11182 5591
11183 12145
11184 5592
11185 12146
11186 5593
11187 12147
11188 5594
11189 12148
11190 5595
11191 12149
11192 5596
11193 12150
11194 5597
11195 12151
11196 5598
11197 12152
11198 5599
11199 12153
11200 5600
11201 12154
11202 5601
11203 12155
11204 5602
11205 12156
11206 5603
11207 12157
11208 5604
11209 12158
11210 5605
11211 12159
11212 5606
11213 12160
11214 5607
11215 12161
11216 5608
11217 12162
11218 5609
11219 12163
11220 5610
11221 12164
11222 5611
11223 12165
11224 5612
11225 12166
11226 5613
11227 12167
11228 5614
11229 12168
11230 5615
11231 12169
11232 5616
11233 12170
11234 5617
11235 12171
11236 5618
11237 12172
11238 5619
11239 12173
11240 5620
11241 12174
11242 5621
11243 12175
11244 5622
11245 12176
11246 5623
11247 12177
11248 5624
11249 12178
11250 5625
11251 12179
11252 5626
11253 12180
11254 5627
11255 12181
11256 5628
11257 12182
11258 5629
11259 12183
11260 5630
11261 12184
11262 5631
11263 12185
11264 5632
11265 12186
11266 5633
11267 12187
11268 5634
11269 12188
11270 5635
11271 12189
11272 5636
11273 12190
11274 5637
11275 12191
11276 5638
11277 12192
11278 5639
11279 12193
11280 5640
11281 12194
11282 5641
11283 12195
11284 5642
11285 12196
11286 5643
11287 12197
11288 5644
11289 12198
11290 5645
11291 12199
11292 5646
11293 12200
11294 5647
11295 12201
11296 5648
11297 12202
11298 5649
11299 12203
11300 5650
11301 12204
11302 5651
11303 12205
11304 5652
11305 12206
11306 5653
11307 12207
11308 5654
11309 12208
11310 5655
11311 12209
11312 5656
11313 12210
11314 5657
11315 12211
11316 5658
11317 12212
11318 5659
11319 12213
11320 5660
11321 12214
11322 5661
11323 12215
11324 5662
11325 12216
11326 5663
11327 12217
11328 5664
11329 12218
11330 5665
11331 12219
11332 5666
11333 12220
11334 5667
11335 12221
11336 5668
11337 12222
11338 5669
11339 12223
11340 5670
11341 12224
11342 5671
11343 12225
11344 5672
11345 12226
11346 5673
11347 12227
11348 5674
11349 12228
11350 5675
11351 12229
11352 5676
11353 12230
11354 5677
11355 12231
11356 5678
11357 12232
11358 5679
11359 12233
11360 5680
11361 12234
11362 5681
11363 12235
11364 5682
11365 12236
11366 5683
11367 12237
11368 5684
11369 12238
11370 5685
11371 12239
11372 5686
11373 12240
11374 5687
11375 12241
11376 5688
11377 12242
11378 5689
11379 12243
11380 5690
11381 12244
11382 5691
11383 12245
11384 5692
11385 12246
11386 5693
11387 12247
11388 5694
11389 12248
11390 5695
11391 12249
11392 5696
11393 12250
11394 5697
11395 12251
11396 5698
11397 12252
11398 5699
11399 12253
11400 5700
11401 12254
11402 5701
11403 12255
11404 5702
11405 12256
11406 5703
11407 12257
11408 5704
11409 12258
11410 5705
11411 12259
11412 5706
11413 12260
11414 5707
11415 12261
11416 5708
11417 12262
11418 5709
11419 12263
11420 5710
11421 12264
11422 5711
11423 12265
11424 5712
11425 12266
11426 5713
11427 12267
11428 5714
11429 12268
11430 5715
11431 12269
11432 5716
11433 12270
11434 5717
11435 12271
11436 5718
11437 12272
11438 5719
11439 12273
11440 5720
11441 12274
11442 5721
11443 12275
11444 5722
11445 12276
11446 5723
11447 12277
11448 5724
11449 12278
11450 5725
11451 12279
11452 5726
11453 12280
11454 5727
11455 12281
11456 5728
11457 12282
11458 5729
11459 12283
11460 5730
11461 12284
11462 5731
11463 12285
11464 5732
11465 12286
11466 5733
11467 12287
11468 5734
11469 12288
11470 5735
11471 12289
11472 5736
11473 12290
11474 5737
11475 12291
11476 5738
11477 12292
11478 5739
11479 12293
11480 5740
11481 12294
11482 5741
11483 12295
11484 5742
11485 12296
11486 5743
11487 12297
11488 5744
11489 12298
11490 5745
11491 12299
11492 5746
11493 12300
11494 5747
11495 12301
11496 5748
11497 12302
11498 5749
11499 12303
11500 5750
11501 12304
11502 5751
11503 12305
11504 5752
11505 12306
11506 5753
11507 12307
11508 5754
11509 12308
11510 5755
11511 12309
11512 5756
11513 12310
11514 5757
11515 12311
11516 5758
11517 12312
11518 5759
11519 12313
11520 5760
11521 12314
11522 5761
11523 12315
11524 5762
11525 12316
11526 5763
11527 12317
11528 5764
11529 12318
11530 5765
11531 12319
11532 5766
11533 12320
11534 5767
11535 12321
11536 5768
11537 12322
11538 5769
11539 12323
11540 5770
11541 12324
11542 5771
11543 12325
11544 5772
11545 12326
11546 5773
11547 12327
11548 5774
11549 12328
11550 5775
11551 12329
11552 5776
11553 12330
11554 5777
11555 12331
11556 5778
11557 12332
11558 5779
11559 12333
11560 5780
11561 12334
11562 5781
11563 12335
11564 5782
11565 12336
11566 5783
11567 12337
11568 5784
11569 12338
11570 5785
11571 12339
11572 5786
11573 12340
11574 5787
11575 12341
11576 5788
11577 12342
11578 5789
11579 12343
11580 5790
11581 12344
11582 5791
11583 12345
11584 5792
11585 12346
11586 5793
11587 12347
11588 5794
11589 12348
11590 5795
11591 12349
11592 5796
11593 12350
11594 5797
11595 12351
11596 5798
11597 12352
11598 5799
11599 12353
11600 5800
11601 12354
11602 5801
11603 12355
11604 5802
11605 12356
11606 5803
11607 12357
11608 5804
11609 12358
11610 5805
11611 12359
11612 5806
11613 12360
11614 5807
11615 12361
11616 5808
11617 12362
11618 5809
11619 12363
11620 5810
11621 12364
11622 5811
11623 12365
11624 5812
11625 12366
11626 5813
11627 12367
11628 5814
11629 12368
11630 5815
11631 12369
11632 5816
11633 12370
11634 5817
11635 12371
11636 5818
11637 12372
11638 5819
11639 12373
11640 5820
11641 12374
11642 5821
11643 12375
11644 5822
11645 12376
11646 5823
11647 12377
11648 5824
11649 12378
11650 5825
11651 12379
11652 5826
11653 12380
11654 5827
11655 12381
11656 5828
11657 12382
11658 5829
11659 12383
11660 5830
11661 12384
11662 5831
11663 12385
11664 5832
11665 12386
11666 5833
11667 12387
11668 5834
11669 12388
11670 5835
11671 12389
11672 5836
11673 12390
11674 5837
11675 12391
11676 5838
11677 12392
11678 5839
11679 12393
11680 5840
11681 12394
11682 5841
11683 12395
11684 5842
11685 12396
11686 5843
11687 12397
11688 5844
11689 12398
11690 5845
11691 12399
11692 5846
11693 12400
11694 5847
11695 12401
11696 5848
11697 12402
11698 5849
11699 12403
11700 5850
11701 12404
11702 5851
11703 12405
11704 5852
11705 12406
11706 5853
11707 12407
11708 5854
11709 12408
11710 5855
11711 12409
11712 5856
11713 12410
11714 5857
11715 12411
11716 5858
11717 12412
11718 5859
11719 12413
11720 5860
11721 12414
11722 5861
11723 12415
11724 5862
11725 12416
11726 5863
11727 12417
11728 5864
11729 12418
11730 5865
11731 12419
11732 5866
11733 12420
11734 5867
11735 12421
11736 5868
11737 12422
11738 5869
11739 12423
11740 5870
11741 12424
11742 5871
11743 12425
11744 5872
11745 12426
11746 5873
11747 12427
11748 5874
11749 12428
11750 5875
11751 12429
11752 5876
11753 12430
11754 5877
11755 12431
11756 5878
11757 12432
11758 5879
11759 12433
11760 5880
11761 12434
11762 5881
11763 12435
11764 5882
11765 12436
11766 5883
11767 12437
11768 5884
11769 12438
11770 5885
11771 12439
11772 5886
11773 12440
11774 5887
11775 12441
11776 5888
11777 12442
11778 5889
11779 12443
11780 5890
11781 12444
11782 5891
11783 12445
11784 5892
11785 12446
11786 5893
11787 12447
11788 5894
11789 12448
11790 5895
11791 12449
11792 5896
11793 12450
11794 5897
11795 12451
11796 5898
11797 12452
11798 5899
11799 12453
11800 5900
11801 12454
11802 5901
11803 12455
11804 5902
11805 12456
11806 5903
11807 12457
11808 5904
11809 12458
11810 5905
11811 12459
11812 5906
11813 12460
11814 5907
11815 12461
11816 5908
11817 12462
11818 5909
11819 12463
11820 5910
11821 12464
11822 5911
11823 12465
11824 5912
11825 12466
11826 5913
11827 12467
11828 5914
11829 12468
11830 5915
11831 12469
11832 5916
11833 12470
11834 5917
11835 12471
11836 5918
11837 12472
11838 5919
11839 12473
11840 5920
11841 12474
11842 5921
11843 12475
11844 5922
11845 12476
11846 5923
11847 12477
11848 5924
11849 12478
11850 5925
11851 12479
11852 5926
11853 12480
11854 5927
11855 12481
11856 5928
11857 12482
11858 5929
11859 12483
11860 5930
11861 12484
11862 5931
11863 12485
11864 5932
11865 12486
11866 5933
11867 12487
11868 5934
11869 12488
11870 5935
11871 12489
11872 5936
11873 12490
11874 5937
11875 12491
11876 5938
11877 12492
11878 5939
11879 12493
11880 5940
11881 12494
11882 5941
11883 12495
11884 5942
11885 12496
11886 5943
11887 12497
11888 5944
11889 12498
11890 5945
11891 12499
11892 5946
11893 12500
11894 5947
11895 12501
11896 5948
11897 12502
11898 5949
11899 12503
11900 5950
11901 12504
11902 5951
11903 12505
11904 5952
11905 12506
11906 5953
11907 12507
11908 5954
11909 12508
11910 5955
11911 12509
11912 5956
11913 12510
11914 5957
11915 12511
11916 5958
11917 12512
11918 5959
11919 12513
11920 5960
11921 12514
11922 5961
11923 12515
11924 5962
11925 12516
11926 5963
11927 12517
11928 5964
11929 12518
11930 5965
11931 12519
11932 5966
11933 12520
11934 5967
11935 12521
11936 5968
11937 12522
11938 5969
11939 12523
11940 5970
11941 12524
11942 5971
11943 12525
11944 5972
11945 12526
11946 5973
11947 12527
11948 5974
11949 12528
11950 5975
11951 12529
11952 5976
11953 12530
11954 5977
11955 12531
11956 5978
11957 12532
11958 5979
11959 12533
11960 5980
11961 12534
11962 5981
11963 12535
11964 5982
11965 12536
11966 5983
11967 12537
11968 5984
11969 12538
11970 5985
11971 12539
11972 5986
11973 12540
11974 5987
11975 12541
11976 5988
11977 12542
11978 5989
11979 12543
11980 5990
11981 12544
11982 5991
11983 12545
11984 5992
11985 12546
11986 5993
11987 12547
11988 5994
11989 12548
11990 5995
11991 12549
11992 5996
11993 12550
11994 5997
11995 12551
11996 5998
11997 12552
11998 5999
11999 12553
12000 6000
12001 12554
12002 6001
12003 12555
12004 6002
12005 12556
12006 6003
12007 12557
12008 6004
12009 12558
12010 6005
12011 12559
12012 6006
12013 12560
12014 6007
12015 12561
12016 6008
12017 12562
12018 6009
12019 12563
12020 6010
12021 12564
12022 6011
12023 12565
12024 6012
12025 12566
12026 6013
12027 12567
12028 6014
12029 12568
12030 6015
12031 12569
12032 6016
12033 12570
12034 6017
12035 12571
12036 6018
12037 12572
12038 6019
12039 12573
12040 6020
12041 12574
12042 6021
12043 12575
12044 6022
12045 12576
12046 6023
12047 12577
12048 6024
12049 12578
12050 6025
12051 12579
12052 6026
12053 12580
12054 6027
12055 12581
12056 6028
12057 12582
12058 6029
12059 12583
12060 6030
12061 12584
12062 6031
12063 12585
12064 6032
12065 12586
12066 6033
12067 12587
12068 6034
12069 12588
12070 6035
12071 12589
12072 6036
12073 12590
12074 6037
12075 12591
12076 6038
12077 12592
12078 6039
12079 12593
12080 6040
12081 12594
12082 6041
12083 12595
12084 6042
12085 12596
12086 6043
12087 12597
12088 6044
12089 12598
12090 6045
12091 12599
12092 6046
12093 12600
12094 6047
12095 12601
12096 6048
12097 12602
12098 6049
12099 12603
12100 6050
12101 12604
12102 6051
12103 12605
12104 6052
12105 12606
12106 6053
12107 12607
12108 6054
12109 12608
12110 6055
12111 12609
12112 6056
12113 12610
12114 6057
12115 12611
12116 6058
12117 12612
12118 6059
12119 12613
12120 6060
12121 12614
12122 6061
12123 12615
12124 6062
12125 12616
12126 6063
12127 12617
12128 6064
12129 12618
12130 6065
12131 12619
12132 6066
12133 12620
12134 6067
12135 12621
12136 6068
12137 12622
12138 6069
12139 12623
12140 6070
12141 12624
12142 6071
12143 12625
12144 6072
12145 12626
12146 6073
12147 12627
12148 6074
12149 12628
12150 6075
12151 12629
12152 6076
12153 12630
12154 6077
12155 12631
12156 6078
12157 12632
12158 6079
12159 12633
12160 6080
12161 12634
12162 6081
12163 12635
12164 6082
12165 12636
12166 6083
12167 12637
12168 6084
12169 12638
12170 6085
12171 12639
12172 6086
12173 12640
12174 6087
12175 12641
12176 6088
12177 12642
12178 6089
12179 12643
12180 6090
12181 12644
12182 6091
12183 12645
12184 6092
12185 12646
12186 6093
12187 12647
12188 6094
12189 12648
12190 6095
12191 12649
12192 6096
12193 12650
12194 6097
12195 12651
12196 6098
12197 12652
12198 6099
12199 12653
12200 6100
12201 12654
12202 6101
12203 12655
12204 6102
12205 12656
12206 6103
12207 12657
12208 6104
12209 12658
12210 6105
12211 12659
12212 6106
12213 12660
12214 6107
12215 12661
12216 6108
12217 12662
12218 6109
12219 12663
12220 6110
12221 12664
12222 6111
12223 12665
12224 6112
12225 12666
12226 6113
12227 12667
12228 6114
12229 12668
12230 6115
12231 12669
12232 6116
12233 12670
12234 6117
12235 12671
12236 6118
12237 12672
12238 6119
12239 12673
12240 6120
12241 12674
12242 6121
12243 12675
12244 6122
12245 12676
12246 6123
12247 12677
12248 6124
12249 12678
12250 6125
12251 12679
12252 6126
12253 12680
12254 6127
12255 12681
12256 6128
12257 12682
12258 6129
12259 12683
12260 6130
12261 12684
12262 6131
12263 12685
12264 6132
12265 12686
12266 6133
12267 12687
12268 6134
12269 12688
12270 6135
12271 12689
12272 6136
12273 12690
12274 6137
12275 12691
12276 6138
12277 12692
12278 6139
12279 12693
12280 6140
12281 12694
12282 6141
12283 12695
12284 6142
12285 12696
12286 6143
12287 12697
12288 6144
12289 12698
12290 6145
12291 12699
12292 6146
12293 12700
12294 6147
12295 12701
12296 6148
12297 12702
12298 6149
12299 12703
12300 6150
12301 12704
12302 6151
12303 12705
12304 6152
12305 12706
12306 6153
12307 12707
12308 6154
12309 12708
12310 6155
12311 12709
12312 6156
12313 12710
12314 6157
12315 12711
12316 6158
12317 12712
12318 6159
12319 12713
12320 6160
12321 12714
12322 6161
12323 12715
12324 6162
12325 12716
12326 6163
12327 12717
12328 6164
12329 12718
12330 6165
12331 12719
12332 6166
12333 12720
12334 6167
12335 12721
12336 6168
12337 12722
12338 6169
12339 12723
12340 6170
12341 12724
12342 6171
12343 12725
12344 6172
12345 12726
12346 6173
12347 12727
12348 6174
12349 12728
12350 6175
12351 12729
12352 6176
12353 12730
12354 6177
12355 12731
12356 6178
12357 12732
12358 6179
12359 12733
12360 6180
12361 12734
12362 6181
12363 12735
12364 6182
12365 12736
12366 6183
12367 12737
12368 6184
12369 12738
12370 6185
12371 12739
12372 6186
12373 12740
12374 6187
12375 12741
12376 6188
12377 12742
12378 6189
12379 12743
12380 6190
12381 12744
12382 6191
12383 12745
12384 6192
12385 12746
12386 6193
12387 12747
12388 6194
12389 12748
12390 6195
12391 12749
12392 6196
12393 12750
12394 6197
12395 12751
12396 6198
12397 12752
12398 6199
12399 12753
12400 6200
12401 12754
12402 6201
12403 12755
12404 6202
12405 12756
12406 6203
12407 12757
12408 6204
12409 12758
12410 6205
12411 12759
12412 6206
12413 12760
12414 6207
12415 12761
12416 6208
12417 12762
12418 6209
12419 12763
12420 6210
12421 12764
12422 6211
12423 12765
12424 6212
12425 12766
12426 6213
12427 12767
12428 6214
12429 12768
12430 6215
12431 12769
12432 6216
12433 12770
12434 6217
12435 12771
12436 6218
12437 12772
12438 6219
12439 12773
12440 6220
12441 12774
12442 6221
12443 12775
12444 6222
12445 12776
12446 6223
12447 12777
12448 6224
12449 12778
12450 6225
12451 12779
12452 6226
12453 12780
12454 6227
12455 12781
12456 6228
12457 12782
12458 6229
12459 12783
12460 6230
12461 12784
12462 6231
12463 12785
12464 6232
12465 12786
12466 6233
12467 12787
12468 6234
12469 12788
12470 6235
12471 12789
12472 6236
12473 12790
12474 6237
12475 12791
12476 6238
12477 12792
12478 6239
12479 12793
12480 6240
12481 12794
12482 6241
12483 12795
12484 6242
12485 12796
12486 6243
12487 12797
12488 6244
12489 12798
12490 6245
12491 12799
12492 6246
12493 12800
12494 6247
12495 12801
12496 6248
12497 12802
12498 6249
12499 12803
12500 6250
12501 12804
12502 6251
12503 12805
12504 6252
12505 12806
12506 6253
12507 12807
12508 6254
12509 12808
12510 6255
12511 12809
12512 6256
12513 12810
12514 6257
12515 12811
12516 6258
12517 12812
12518 6259
12519 12813
12520 6260
12521 12814
12522 6261
12523 12815
12524 6262
12525 12816
12526 6263
12527 12817
12528 6264
12529 12818
12530 6265
12531 12819
12532 6266
12533 12820
12534 6267
12535 12821
12536 6268
12537 12822
12538 6269
12539 12823
12540 6270
12541 12824
12542 6271
12543 12825
12544 6272
12545 12826
12546 6273
12547 12827
12548 6274
12549 12828
12550 6275
12551 12829
12552 6276
12553 12830
12554 6277
12555 12831
12556 6278
12557 12832
12558 6279
12559 12833
12560 6280
12561 12834
12562 6281
12563 12835
12564 6282
12565 12836
12566 6283
12567 12837
12568 6284
12569 12838
12570 6285
12571 12839
12572 6286
12573 12840
12574 6287
12575 12841
12576 6288
12577 12842
12578 6289
12579 12843
12580 6290
12581 12844
12582 6291
12583 12845
12584 6292
12585 12846
12586 6293
12587 12847
12588 6294
12589 12848
12590 6295
12591 12849
12592 6296
12593 12850
12594 6297
12595 12851
12596 6298
12597 12852
12598 6299
12599 12853
12600 6300
12601 12854
12602 6301
12603 12855
12604 6302
12605 12856
12606 6303
12607 12857
12608 6304
12609 12858
12610 6305
12611 12859
12612 6306
12613 12860
12614 6307
12615 12861
12616 6308
12617 12862
12618 6309
12619 12863
12620 6310
12621 12864
12622 6311
12623 12865
12624 6312
12625 12866
12626 6313
12627 12867
12628 6314
12629 12868
12630 6315
12631 12869
12632 6316
12633 12870
12634 6317
12635 12871
12636 6318
12637 12872
12638 6319
12639 12873
12640 6320
12641 12874
12642 6321
12643 12875
12644 6322
12645 12876
12646 6323
12647 12877
12648 6324
12649 12878
12650 6325
12651 12879
12652 6326
12653 12880
12654 6327
12655 12881
12656 6328
12657 12882
12658 6329
12659 12883
12660 6330
12661 12884
12662 6331
12663 12885
12664 6332
12665 12886
12666 6333
12667 12887
12668 6334
12669 12888
12670 6335
12671 12889
12672 6336
12673 12890
12674 6337
12675 12891
12676 6338
12677 12892
12678 6339
12679 12893
12680 6340
12681 12894
12682 6341
12683 12895
12684 6342
12685 12896
12686 6343
12687 12897
12688 6344
12689 12898
12690 6345
12691 12899
12692 6346
12693 12900
12694 6347
12695 12901
12696 6348
12697 12902
12698 6349
12699 12903
12700 6350
12701 12904
12702 6351
12703 12905
12704 6352
12705 12906
12706 6353
12707 12907
12708 6354
12709 12908
12710 6355
12711 12909
12712 6356
12713 12910
12714 6357
12715 12911
12716 6358
12717 12912
12718 6359
12719 12913
12720 6360
12721 12914
12722 6361
12723 12915
12724 6362
12725 12916
12726 6363
12727 12917
12728 6364
12729 12918
12730 6365
12731 12919
12732 6366
12733 12920
12734 6367
12735 12921
12736 6368
12737 12922
12738 6369
12739 12923
12740 6370
12741 12924
12742 6371
12743 12925
12744 6372
12745 12926
12746 6373
12747 12927
12748 6374
12749 12928
12750 6375
12751 12929
12752 6376
12753 12930
12754 6377
12755 12931
12756 6378
12757 12932
12758 6379
12759 12933
12760 6380
12761 12934
12762 6381
12763 12935
12764 6382
12765 12936
12766 6383
12767 12937
12768 6384
12769 12938
12770 6385
12771 12939
12772 6386
12773 12940
12774 6387
12775 12941
12776 6388
12777 12942
12778 6389
12779 12943
12780 6390
12781 12944
12782 6391
12783 12945
12784 6392
12785 12946
12786 6393
12787 12947
12788 6394
12789 12948
12790 6395
12791 12949
12792 6396
12793 12950
12794 6397
12795 12951
12796 6398
12797 12952
12798 6399
12799 12953
12800 6400
12801 12954
12802 6401
12803 12955
12804 6402
12805 12956
12806 6403
12807 12957
12808 6404
12809 12958
12810 6405
12811 12959
12812 6406
12813 12960
12814 6407
12815 12961
12816 6408
12817 12962
12818 6409
12819 12963
12820 6410
12821 12964
12822 6411
12823 12965
12824 6412
12825 12966
12826 6413
12827 12967
12828 6414
12829 12968
12830 6415
12831 12969
12832 6416
12833 12970
12834 6417
12835 12971
12836 6418
12837 12972
12838 6419
12839 12973
12840 6420
12841 12974
12842 6421
12843 12975
12844 6422
12845 12976
12846 6423
12847 12977
12848 6424
12849 12978
12850 6425
12851 12979
12852 6426
12853 12980
12854 6427
12855 12981
12856 6428
12857 12982
12858 6429
12859 12983
12860 6430
12861 12984
12862 6431
12863 12985
12864 6432
12865 12986
12866 6433
12867 12987
12868 6434
12869 12988
12870 6435
12871 12989
12872 6436
12873 12990
12874 6437
12875 12991
12876 6438
12877 12992
12878 6439
12879 12993
12880 6440
12881 12994
12882 6441
12883 12995
12884 6442
12885 12996
12886 6443
12887 12997
12888 6444
12889 12998
12890 6445
12891 12999
12892 6446
12893 13000
12894 6447
12895 13001
12896 6448
12897 13002
12898 6449
12899 13003
12900 6450
12901 13004
12902 6451
12903 13005
12904 6452
12905 13006
12906 6453
12907 13007
12908 6454
12909 13008
12910 6455
12911 13009
12912 6456
12913 13010
12914 6457
12915 13011
12916 6458
12917 13012
12918 6459
12919 13013
12920 6460
12921 13014
12922 6461
12923 13015
12924 6462
12925 13016
12926 6463
12927 13017
12928 6464
12929 13018
12930 6465
12931 13019
12932 6466
12933 13020
12934 6467
12935 13021
12936 6468
12937 13022
12938 6469
12939 13023
12940 6470
12941 13024
12942 6471
12943 13025
12944 6472
12945 13026
12946 6473
12947 13027
12948 6474
12949 13028
12950 6475
12951 13029
12952 6476
12953 13030
12954 6477
12955 13031
12956 6478
12957 13032
12958 6479
12959 13033
12960 6480
12961 13034
12962 6481
12963 13035
12964 6482
12965 13036
12966 6483
12967 13037
12968 6484
12969 13038
12970 6485
12971 13039
12972 6486
12973 13040
12974 6487
12975 13041
12976 6488
12977 13042
12978 6489
12979 13043
12980 6490
12981 13044
12982 6491
12983 13045
12984 6492
12985 13046
12986 6493
12987 13047
12988 6494
12989 13048
12990 6495
12991 13049
12992 6496
12993 13050
12994 6497
12995 13051
12996 6498
12997 13052
12998 6499
12999 13053
13000 6500
13001 13054
13002 6501
13003 13055
13004 6502
13005 13056
13006 6503
13007 13057
13008 6504
13009 13058
13010 6505
13011 13059
13012 6506
13013 13060
13014 6507
13015 13061
13016 6508
13017 13062
13018 6509
13019 13063
13020 6510
13021 13064
13022 6511
13023 13065
13024 6512
13025 13066
13026 6513
13027 13067
13028 6514
13029 13068
13030 6515
13031 13069
13032 6516
13033 13070
13034 6517
13035 13071
13036 6518
13037 13072
13038 6519
13039 13073
13040 6520
13041 13074
13042 6521
13043 13075
13044 6522
13045 13076
13046 6523
13047 13077
13048 6524
13049 13078
13050 6525
13051 13079
13052 6526
13053 13080
13054 6527
13055 13081
13056 6528
13057 13082
13058 6529
13059 13083
13060 6530
13061 13084
13062 6531
13063 13085
13064 6532
13065 13086
13066 6533
13067 13087
13068 6534
13069 13088
13070 6535
13071 13089
13072 6536
13073 13090
13074 6537
13075 13091
13076 6538
13077 13092
13078 6539
13079 13093
13080 6540
13081 13094
13082 6541
13083 13095
13084 6542
13085 13096
13086 6543
13087 13097
13088 6544
13089 13098
13090 6545
13091 13099
13092 6546
13093 13100
13094 6547
13095 13101
13096 6548
13097 13102
13098 6549
13099 13103
13100 6550
13101 13104
13102 6551
13103 13105
13104 6552
13105 13106
13106 6553
13107 13107
